instance_id,reason,closure_count,FULL_family_count,equivalence_valid
n3_o002_r0008,closure_count>1,2,1,True
n3_o002_r0010,closure_count>1,2,1,True
n3_o003_r0017,closure_count>1,2,1,True
n3_o003_r0018,closure_count>1,2,1,True
n3_o004_r0020,closure_count>1,2,1,True
n3_o004_r0022,closure_count>1,2,1,True
n3_o004_r0024,closure_count>1,2,1,True
n3_o005_r0029,closure_count>1,2,1,True
n3_o005_r0030,closure_count>1,3,1,True
n3_o006_r0035,closure_count>1,2,1,True
n3_o006_r0036,closure_count>1,2,1,True
n3_o007_r0038,closure_count>1,2,1,True
n3_o007_r0040,closure_count>1,2,1,True
n3_o007_r0042,closure_count>1,2,1,True
n3_o008_r0047,closure_count>1,2,1,True
n3_o008_r0048,closure_count>1,3,1,True
n3_o009_r0053,closure_count>1,2,1,True
n3_o009_r0054,closure_count>1,2,1,True
n3_o010_r0057,closure_count>1,2,1,True
n3_o010_r0059,closure_count>1,3,1,True
n3_o010_r0060,closure_count>1,2,1,True
n4_o001_r0065,closure_count>1,2,1,True
n4_o001_r0066,closure_count>1,2,1,True
n4_o001_r0071,closure_count>1,2,1,True
n4_o001_r0072,closure_count>1,2,1,True
n4_o001_r0077,closure_count>1,2,1,True
n4_o001_r0078,closure_count>1,2,1,True
n4_o001_r0083,closure_count>1,2,1,True
n4_o001_r0084,closure_count>1,2,1,True
n4_o002_r0103,closure_count>1,2,1,True
n4_o002_r0104,closure_count>1,2,1,True
n4_o002_r0105,closure_count>1,2,1,True
n4_o002_r0106,closure_count>1,2,1,True
n4_o002_r0107,closure_count>1,3,1,True
n4_o002_r0108,closure_count>1,3,1,True
n4_o004_r0134,closure_count>1,2,1,True
n4_o004_r0136,closure_count>1,2,1,True
n4_o004_r0140,closure_count>1,2,1,True
n4_o004_r0142,closure_count>1,2,1,True
n4_o004_r0146,closure_count>1,2,1,True
n4_o004_r0148,closure_count>1,2,1,True
n4_o005_r0161,closure_count>1,2,1,True
n4_o005_r0162,closure_count>1,2,1,True
n4_o005_r0167,closure_count>1,2,1,True
n4_o005_r0168,closure_count>1,2,1,True
n4_o005_r0173,closure_count>1,2,1,True
n4_o005_r0174,closure_count>1,2,1,True
n4_o006_r0199,closure_count>1,2,1,True
n4_o006_r0200,closure_count>1,2,1,True
n4_o006_r0201,closure_count>1,2,1,True
n4_o006_r0202,closure_count>1,2,1,True
n4_o006_r0203,closure_count>1,2,1,True
n4_o006_r0204,closure_count>1,2,1,True
n4_o007_r0207,closure_count>1,2,1,True
n4_o007_r0213,closure_count>1,2,1,True
n4_o007_r0223,closure_count>1,2,1,True
n4_o007_r0224,closure_count>1,2,1,True
n4_o007_r0225,closure_count>1,2,1,True
n4_o007_r0226,closure_count>1,2,1,True
n4_o007_r0227,closure_count>1,2,1,True
n4_o007_r0228,closure_count>1,2,1,True
n4_o008_r0231,closure_count>1,2,1,True
n4_o008_r0237,closure_count>1,2,1,True
n4_o009_r0254,closure_count>1,2,1,True
n4_o009_r0255,closure_count>1,2,1,True
n4_o009_r0256,closure_count>1,2,1,True
n4_o009_r0260,closure_count>1,2,1,True
n4_o009_r0261,closure_count>1,2,1,True
n4_o009_r0262,closure_count>1,2,1,True
n4_o009_r0266,closure_count>1,2,1,True
n4_o009_r0268,closure_count>1,2,1,True
n4_o010_r0279,closure_count>1,2,1,True
n4_o010_r0281,closure_count>1,2,1,True
n4_o010_r0282,closure_count>1,2,1,True
n4_o010_r0285,closure_count>1,2,1,True
n4_o010_r0287,closure_count>1,2,1,True
n4_o010_r0288,closure_count>1,2,1,True
n4_o010_r0293,closure_count>1,2,1,True
n4_o010_r0294,closure_count>1,2,1,True
n4_o011_r0303,closure_count>1,2,1,True
n4_o011_r0309,closure_count>1,2,1,True
n4_o011_r0319,closure_count>1,2,1,True
n4_o011_r0320,closure_count>1,2,1,True
n4_o011_r0321,closure_count>1,2,1,True
n4_o011_r0322,closure_count>1,2,1,True
n4_o011_r0323,closure_count>1,2,1,True
n4_o011_r0324,closure_count>1,2,1,True
n4_o012_r0337,closure_count>1,2,1,True
n4_o012_r0339,closure_count>1,2,1,True
n4_o013_r0350,closure_count>1,2,1,True
n4_o013_r0352,closure_count>1,3,1,True
n4_o013_r0356,closure_count>1,2,1,True
n4_o013_r0358,closure_count>1,3,1,True
n4_o013_r0361,closure_count>1,2,1,True
n4_o013_r0362,closure_count>1,2,1,True
n4_o013_r0363,closure_count>1,2,1,True
n4_o013_r0364,closure_count>1,2,1,True
n4_o014_r0376,closure_count>1,2,1,True
n4_o014_r0377,closure_count>1,2,1,True
n4_o014_r0378,closure_count>1,4,1,True
n4_o014_r0382,closure_count>1,2,1,True
n4_o014_r0383,closure_count>1,2,1,True
n4_o014_r0384,closure_count>1,4,1,True
n4_o014_r0385,closure_count>1,2,1,True
n4_o014_r0387,closure_count>1,2,1,True
n4_o014_r0389,closure_count>1,2,1,True
n4_o014_r0390,closure_count>1,2,1,True
n4_o015_r0400,closure_count>1,2,1,True
n4_o015_r0402,closure_count>1,2,1,True
n4_o015_r0406,closure_count>1,2,1,True
n4_o015_r0408,closure_count>1,2,1,True
n4_o015_r0409,closure_count>1,2,1,True
n4_o015_r0411,closure_count>1,2,1,True
n4_o015_r0415,closure_count>1,2,1,True
n4_o015_r0416,closure_count>1,2,1,True
n4_o015_r0417,closure_count>1,2,1,True
n4_o015_r0418,closure_count>1,2,1,True
n4_o015_r0419,closure_count>1,2,1,True
n4_o015_r0420,closure_count>1,2,1,True
n4_o016_r0422,closure_count>1,2,1,True
n4_o016_r0428,closure_count>1,2,1,True
n4_o016_r0434,closure_count>1,3,1,True
n4_o016_r0436,closure_count>1,3,1,True
n4_o016_r0440,closure_count>1,2,1,True
n4_o016_r0442,closure_count>1,2,1,True
n4_o016_r0443,closure_count>1,2,1,True
n4_o016_r0444,closure_count>1,2,1,True
n4_o017_r0449,closure_count>1,2,1,True
n4_o017_r0450,closure_count>1,2,1,True
n4_o017_r0455,closure_count>1,2,1,True
n4_o017_r0456,closure_count>1,2,1,True
n4_o017_r0458,closure_count>1,2,1,True
n4_o017_r0460,closure_count>1,2,1,True
n4_o017_r0461,closure_count>1,2,1,True
n4_o017_r0462,closure_count>1,2,1,True
n4_o017_r0464,closure_count>1,2,1,True
n4_o017_r0466,closure_count>1,2,1,True
n4_o017_r0467,closure_count>1,2,1,True
n4_o017_r0468,closure_count>1,2,1,True
n4_o018_r0482,closure_count>1,2,1,True
n4_o018_r0484,closure_count>1,2,1,True
n4_o018_r0487,closure_count>1,2,1,True
n4_o018_r0488,closure_count>1,5,1,True
n4_o018_r0489,closure_count>1,2,1,True
n4_o018_r0490,closure_count>1,5,1,True
n4_o018_r0491,closure_count>1,3,1,True
n4_o018_r0492,closure_count>1,3,1,True
n4_o019_r0497,closure_count>1,2,1,True
n4_o019_r0498,closure_count>1,2,1,True
n4_o019_r0503,closure_count>1,2,1,True
n4_o019_r0504,closure_count>1,2,1,True
n4_o019_r0509,closure_count>1,3,1,True
n4_o019_r0510,closure_count>1,3,1,True
n4_o019_r0515,closure_count>1,2,1,True
n4_o019_r0516,closure_count>1,2,1,True
n4_o020_r0533,closure_count>1,2,1,True
n4_o020_r0534,closure_count>1,2,1,True
n4_o020_r0535,closure_count>1,2,1,True
n4_o020_r0536,closure_count>1,2,1,True
n4_o020_r0537,closure_count>1,2,1,True
n4_o020_r0538,closure_count>1,2,1,True
n4_o020_r0539,closure_count>1,5,1,True
n4_o020_r0540,closure_count>1,5,1,True
n4_o021_r0559,closure_count>1,2,1,True
n4_o021_r0560,closure_count>1,2,1,True
n4_o021_r0561,closure_count>1,2,1,True
n4_o021_r0562,closure_count>1,2,1,True
n4_o021_r0563,closure_count>1,2,1,True
n4_o021_r0564,closure_count>1,2,1,True
n4_o022_r0567,closure_count>1,2,1,True
n4_o022_r0573,closure_count>1,2,1,True
n4_o022_r0579,closure_count>1,2,1,True
n4_o022_r0580,closure_count>1,2,1,True
n4_o022_r0583,closure_count>1,2,1,True
n4_o022_r0584,closure_count>1,2,1,True
n4_o022_r0585,closure_count>1,3,1,True
n4_o022_r0586,closure_count>1,3,1,True
n4_o022_r0587,closure_count>1,2,1,True
n4_o022_r0588,closure_count>1,2,1,True
n4_o023_r0591,closure_count>1,2,1,True
n4_o023_r0597,closure_count>1,2,1,True
n4_o023_r0603,closure_count>1,2,1,True
n4_o023_r0604,closure_count>1,2,1,True
n4_o024_r0614,closure_count>1,2,1,True
n4_o024_r0615,closure_count>1,2,1,True
n4_o024_r0616,closure_count>1,2,1,True
n4_o024_r0620,closure_count>1,2,1,True
n4_o024_r0621,closure_count>1,2,1,True
n4_o024_r0622,closure_count>1,2,1,True
n4_o024_r0626,closure_count>1,2,1,True
n4_o024_r0627,closure_count>1,2,1,True
n4_o024_r0628,closure_count>1,4,1,True
n4_o025_r0639,closure_count>1,2,1,True
n4_o025_r0641,closure_count>1,2,1,True
n4_o025_r0642,closure_count>1,2,1,True
n4_o025_r0645,closure_count>1,2,1,True
n4_o025_r0647,closure_count>1,2,1,True
n4_o025_r0648,closure_count>1,2,1,True
n4_o025_r0651,closure_count>1,2,1,True
n4_o025_r0652,closure_count>1,2,1,True
n4_o025_r0653,closure_count>1,2,1,True
n4_o025_r0654,closure_count>1,2,1,True
n4_o026_r0663,closure_count>1,2,1,True
n4_o026_r0669,closure_count>1,2,1,True
n4_o026_r0675,closure_count>1,2,1,True
n4_o026_r0676,closure_count>1,2,1,True
n4_o026_r0679,closure_count>1,2,1,True
n4_o026_r0680,closure_count>1,2,1,True
n4_o026_r0681,closure_count>1,2,1,True
n4_o026_r0682,closure_count>1,2,1,True
n4_o026_r0683,closure_count>1,2,1,True
n4_o026_r0684,closure_count>1,2,1,True
n4_o027_r0697,closure_count>1,2,1,True
n4_o027_r0699,closure_count>1,3,1,True
n4_o027_r0700,closure_count>1,2,1,True
n4_o028_r0710,closure_count>1,2,1,True
n4_o028_r0712,closure_count>1,3,1,True
n4_o028_r0716,closure_count>1,2,1,True
n4_o028_r0718,closure_count>1,3,1,True
n4_o028_r0721,closure_count>1,2,1,True
n4_o028_r0722,closure_count>1,2,1,True
n4_o028_r0723,closure_count>1,3,1,True
n4_o028_r0724,closure_count>1,4,1,True
n4_o029_r0736,closure_count>1,2,1,True
n4_o029_r0737,closure_count>1,2,1,True
n4_o029_r0738,closure_count>1,4,1,True
n4_o029_r0742,closure_count>1,2,1,True
n4_o029_r0743,closure_count>1,2,1,True
n4_o029_r0744,closure_count>1,4,1,True
n4_o029_r0745,closure_count>1,2,1,True
n4_o029_r0747,closure_count>1,3,1,True
n4_o029_r0748,closure_count>1,2,1,True
n4_o029_r0749,closure_count>1,2,1,True
n4_o029_r0750,closure_count>1,2,1,True
n4_o030_r0760,closure_count>1,2,1,True
n4_o030_r0762,closure_count>1,2,1,True
n4_o030_r0766,closure_count>1,2,1,True
n4_o030_r0768,closure_count>1,2,1,True
n4_o030_r0769,closure_count>1,2,1,True
n4_o030_r0771,closure_count>1,3,1,True
n4_o030_r0772,closure_count>1,2,1,True
n4_o030_r0775,closure_count>1,2,1,True
n4_o030_r0776,closure_count>1,2,1,True
n4_o030_r0777,closure_count>1,2,1,True
n4_o030_r0778,closure_count>1,2,1,True
n4_o030_r0779,closure_count>1,2,1,True
n4_o030_r0780,closure_count>1,2,1,True
n4_o031_r0782,closure_count>1,2,1,True
n4_o031_r0788,closure_count>1,2,1,True
n4_o031_r0794,closure_count>1,3,1,True
n4_o031_r0796,closure_count>1,5,1,True
n4_o031_r0800,closure_count>1,2,1,True
n4_o031_r0802,closure_count>1,3,1,True
n4_o031_r0803,closure_count>1,2,1,True
n4_o031_r0804,closure_count>1,2,1,True
n4_o032_r0809,closure_count>1,2,1,True
n4_o032_r0810,closure_count>1,2,1,True
n4_o032_r0815,closure_count>1,2,1,True
n4_o032_r0816,closure_count>1,2,1,True
n4_o032_r0818,closure_count>1,2,1,True
n4_o032_r0820,closure_count>1,3,1,True
n4_o032_r0821,closure_count>1,2,1,True
n4_o032_r0822,closure_count>1,2,1,True
n4_o032_r0824,closure_count>1,2,1,True
n4_o032_r0826,closure_count>1,3,1,True
n4_o032_r0827,closure_count>1,2,1,True
n4_o032_r0828,closure_count>1,2,1,True
n4_o033_r0842,closure_count>1,2,1,True
n4_o033_r0844,closure_count>1,3,1,True
n4_o033_r0847,closure_count>1,2,1,True
n4_o033_r0848,closure_count>1,5,1,True
n4_o033_r0849,closure_count>1,2,1,True
n4_o033_r0850,closure_count>1,6,1,True
n4_o033_r0851,closure_count>1,3,1,True
n4_o033_r0852,closure_count>1,3,1,True
n4_o034_r0857,closure_count>1,2,1,True
n4_o034_r0858,closure_count>1,2,1,True
n4_o034_r0863,closure_count>1,2,1,True
n4_o034_r0864,closure_count>1,2,1,True
n4_o034_r0869,closure_count>1,3,1,True
n4_o034_r0870,closure_count>1,3,1,True
n4_o034_r0875,closure_count>1,2,1,True
n4_o034_r0876,closure_count>1,2,1,True
n4_o035_r0893,closure_count>1,2,1,True
n4_o035_r0894,closure_count>1,2,1,True
n4_o035_r0895,closure_count>1,2,1,True
n4_o035_r0896,closure_count>1,2,1,True
n4_o035_r0897,closure_count>1,2,1,True
n4_o035_r0898,closure_count>1,2,1,True
n4_o035_r0899,closure_count>1,5,1,True
n4_o035_r0900,closure_count>1,5,1,True
n4_o036_r0919,closure_count>1,2,1,True
n4_o036_r0920,closure_count>1,2,1,True
n4_o036_r0921,closure_count>1,2,1,True
n4_o036_r0922,closure_count>1,2,1,True
n4_o036_r0923,closure_count>1,2,1,True
n4_o036_r0924,closure_count>1,2,1,True
n4_o037_r0937,closure_count>1,2,1,True
n4_o037_r0939,closure_count>1,2,1,True
n4_o037_r0940,closure_count>1,2,1,True
n4_o037_r0942,closure_count>1,2,1,True
n4_o038_r0950,closure_count>1,2,1,True
n4_o038_r0952,closure_count>1,3,1,True
n4_o038_r0956,closure_count>1,2,1,True
n4_o038_r0958,closure_count>1,3,1,True
n4_o038_r0961,closure_count>1,2,1,True
n4_o038_r0962,closure_count>1,2,1,True
n4_o038_r0963,closure_count>1,2,1,True
n4_o038_r0964,closure_count>1,4,1,True
n4_o038_r0966,closure_count>1,2,1,True
n4_o039_r0976,closure_count>1,2,1,True
n4_o039_r0977,closure_count>1,2,1,True
n4_o039_r0978,closure_count>1,4,1,True
n4_o039_r0982,closure_count>1,2,1,True
n4_o039_r0983,closure_count>1,2,1,True
n4_o039_r0984,closure_count>1,4,1,True
n4_o039_r0985,closure_count>1,2,1,True
n4_o039_r0987,closure_count>1,2,1,True
n4_o039_r0988,closure_count>1,2,1,True
n4_o039_r0989,closure_count>1,2,1,True
n4_o039_r0990,closure_count>1,4,1,True
n4_o040_r1000,closure_count>1,2,1,True
n4_o040_r1002,closure_count>1,2,1,True
n4_o040_r1006,closure_count>1,2,1,True
n4_o040_r1008,closure_count>1,2,1,True
n4_o040_r1009,closure_count>1,2,1,True
n4_o040_r1011,closure_count>1,2,1,True
n4_o040_r1012,closure_count>1,2,1,True
n4_o040_r1014,closure_count>1,2,1,True
n4_o040_r1015,closure_count>1,2,1,True
n4_o040_r1016,closure_count>1,2,1,True
n4_o040_r1017,closure_count>1,2,1,True
n4_o040_r1018,closure_count>1,2,1,True
n4_o040_r1019,closure_count>1,2,1,True
n4_o040_r1020,closure_count>1,2,1,True
n4_o041_r1022,closure_count>1,2,1,True
n4_o041_r1028,closure_count>1,2,1,True
n4_o041_r1034,closure_count>1,3,1,True
n4_o041_r1036,closure_count>1,5,1,True
n4_o041_r1038,closure_count>1,2,1,True
n4_o041_r1040,closure_count>1,2,1,True
n4_o041_r1042,closure_count>1,3,1,True
n4_o041_r1043,closure_count>1,2,1,True
n4_o041_r1044,closure_count>1,3,1,True
n4_o042_r1049,closure_count>1,2,1,True
n4_o042_r1050,closure_count>1,2,1,True
n4_o042_r1055,closure_count>1,2,1,True
n4_o042_r1056,closure_count>1,2,1,True
n4_o042_r1058,closure_count>1,2,1,True
n4_o042_r1060,closure_count>1,3,1,True
n4_o042_r1061,closure_count>1,2,1,True
n4_o042_r1062,closure_count>1,4,1,True
n4_o042_r1064,closure_count>1,2,1,True
n4_o042_r1066,closure_count>1,3,1,True
n4_o042_r1067,closure_count>1,2,1,True
n4_o042_r1068,closure_count>1,3,1,True
n4_o043_r1082,closure_count>1,2,1,True
n4_o043_r1084,closure_count>1,3,1,True
n4_o043_r1086,closure_count>1,2,1,True
n4_o043_r1087,closure_count>1,2,1,True
n4_o043_r1088,closure_count>1,5,1,True
n4_o043_r1089,closure_count>1,2,1,True
n4_o043_r1090,closure_count>1,6,1,True
n4_o043_r1091,closure_count>1,3,1,True
n4_o043_r1092,closure_count>1,4,1,True
n4_o044_r1097,closure_count>1,2,1,True
n4_o044_r1098,closure_count>1,2,1,True
n4_o044_r1103,closure_count>1,2,1,True
n4_o044_r1104,closure_count>1,2,1,True
n4_o044_r1109,closure_count>1,3,1,True
n4_o044_r1110,closure_count>1,5,1,True
n4_o044_r1115,closure_count>1,2,1,True
n4_o044_r1116,closure_count>1,3,1,True
n4_o045_r1133,closure_count>1,2,1,True
n4_o045_r1134,closure_count>1,3,1,True
n4_o045_r1135,closure_count>1,2,1,True
n4_o045_r1136,closure_count>1,2,1,True
n4_o045_r1137,closure_count>1,2,1,True
n4_o045_r1138,closure_count>1,2,1,True
n4_o045_r1139,closure_count>1,5,1,True
n4_o045_r1140,closure_count>1,6,1,True
n4_o046_r1159,closure_count>1,2,1,True
n4_o046_r1160,closure_count>1,2,1,True
n4_o046_r1161,closure_count>1,2,1,True
n4_o046_r1162,closure_count>1,2,1,True
n4_o046_r1163,closure_count>1,2,1,True
n4_o046_r1164,closure_count>1,2,1,True
n4_o047_r1166,closure_count>1,2,1,True
n4_o047_r1172,closure_count>1,2,1,True
n4_o047_r1178,closure_count>1,3,1,True
n4_o047_r1180,closure_count>1,2,1,True
n4_o047_r1184,closure_count>1,2,1,True
n4_o047_r1187,closure_count>1,2,1,True
n4_o048_r1193,closure_count>1,2,1,True
n4_o048_r1194,closure_count>1,2,1,True
n4_o048_r1199,closure_count>1,2,1,True
n4_o048_r1200,closure_count>1,2,1,True
n4_o048_r1202,closure_count>1,2,1,True
n4_o048_r1204,closure_count>1,2,1,True
n4_o048_r1205,closure_count>1,2,1,True
n4_o048_r1206,closure_count>1,2,1,True
n4_o048_r1208,closure_count>1,2,1,True
n4_o048_r1211,closure_count>1,2,1,True
n4_o049_r1226,closure_count>1,2,1,True
n4_o049_r1228,closure_count>1,2,1,True
n4_o049_r1231,closure_count>1,2,1,True
n4_o049_r1232,closure_count>1,5,1,True
n4_o049_r1233,closure_count>1,2,1,True
n4_o049_r1234,closure_count>1,2,1,True
n4_o049_r1235,closure_count>1,3,1,True
n4_o050_r1241,closure_count>1,2,1,True
n4_o050_r1242,closure_count>1,2,1,True
n4_o050_r1247,closure_count>1,2,1,True
n4_o050_r1248,closure_count>1,2,1,True
n4_o050_r1253,closure_count>1,3,1,True
n4_o050_r1254,closure_count>1,3,1,True
n4_o050_r1259,closure_count>1,2,1,True
n4_o051_r1277,closure_count>1,2,1,True
n4_o051_r1278,closure_count>1,2,1,True
n4_o051_r1279,closure_count>1,2,1,True
n4_o051_r1280,closure_count>1,2,1,True
n4_o051_r1281,closure_count>1,2,1,True
n4_o051_r1282,closure_count>1,2,1,True
n4_o051_r1283,closure_count>1,5,1,True
n4_o051_r1284,closure_count>1,5,1,True
n4_o052_r1303,closure_count>1,2,1,True
n4_o052_r1304,closure_count>1,2,1,True
n4_o052_r1305,closure_count>1,2,1,True
n4_o052_r1306,closure_count>1,2,1,True
n4_o052_r1307,closure_count>1,2,1,True
n4_o052_r1308,closure_count>1,2,1,True
n4_o053_r1311,closure_count>1,2,1,True
n4_o053_r1313,closure_count>1,3,1,True
n4_o053_r1314,closure_count>1,2,1,True
n4_o053_r1319,closure_count>1,2,1,True
n4_o053_r1320,closure_count>1,2,1,True
n4_o053_r1321,closure_count>1,2,1,True
n4_o053_r1323,closure_count>1,2,1,True
n4_o053_r1325,closure_count>1,3,1,True
n4_o053_r1326,closure_count>1,3,1,True
n4_o053_r1327,closure_count>1,2,1,True
n4_o053_r1329,closure_count>1,2,1,True
n4_o053_r1331,closure_count>1,2,1,True
n4_o054_r1335,closure_count>1,2,1,True
n4_o054_r1345,closure_count>1,2,1,True
n4_o054_r1347,closure_count>1,2,1,True
n4_o054_r1349,closure_count>1,2,1,True
n4_o054_r1350,closure_count>1,2,1,True
n4_o054_r1351,closure_count>1,3,1,True
n4_o054_r1352,closure_count>1,2,1,True
n4_o054_r1353,closure_count>1,3,1,True
n4_o054_r1354,closure_count>1,2,1,True
n4_o054_r1355,closure_count>1,5,1,True
n4_o054_r1356,closure_count>1,5,1,True
n4_o055_r1359,closure_count>1,2,1,True
n4_o055_r1369,closure_count>1,2,1,True
n4_o055_r1371,closure_count>1,2,1,True
n4_o055_r1375,closure_count>1,3,1,True
n4_o055_r1376,closure_count>1,2,1,True
n4_o055_r1377,closure_count>1,3,1,True
n4_o055_r1378,closure_count>1,2,1,True
n4_o055_r1379,closure_count>1,2,1,True
n4_o055_r1380,closure_count>1,2,1,True
n4_o056_r1383,closure_count>1,2,1,True
n4_o056_r1384,closure_count>1,2,1,True
n4_o056_r1393,closure_count>1,2,1,True
n4_o056_r1394,closure_count>1,2,1,True
n4_o056_r1395,closure_count>1,2,1,True
n4_o056_r1396,closure_count>1,2,1,True
n4_o056_r1399,closure_count>1,3,1,True
n4_o056_r1400,closure_count>1,3,1,True
n4_o056_r1401,closure_count>1,3,1,True
n4_o056_r1402,closure_count>1,3,1,True
n4_o056_r1403,closure_count>1,2,1,True
n4_o056_r1404,closure_count>1,2,1,True
n4_o057_r1407,closure_count>1,2,1,True
n4_o057_r1413,closure_count>1,2,1,True
n4_o057_r1419,closure_count>1,2,1,True
n4_o057_r1420,closure_count>1,2,1,True
n4_o057_r1423,closure_count>1,2,1,True
n4_o057_r1424,closure_count>1,2,1,True
n4_o057_r1425,closure_count>1,3,1,True
n4_o057_r1426,closure_count>1,3,1,True
n4_o057_r1427,closure_count>1,2,1,True
n4_o057_r1428,closure_count>1,2,1,True
n4_o058_r1431,closure_count>1,2,1,True
n4_o058_r1437,closure_count>1,2,1,True
n4_o058_r1443,closure_count>1,2,1,True
n4_o058_r1444,closure_count>1,2,1,True
n4_o059_r1454,closure_count>1,2,1,True
n4_o059_r1455,closure_count>1,2,1,True
n4_o059_r1456,closure_count>1,2,1,True
n4_o059_r1460,closure_count>1,2,1,True
n4_o059_r1461,closure_count>1,2,1,True
n4_o059_r1462,closure_count>1,2,1,True
n4_o059_r1466,closure_count>1,2,1,True
n4_o059_r1467,closure_count>1,2,1,True
n4_o059_r1468,closure_count>1,4,1,True
n4_o060_r1479,closure_count>1,2,1,True
n4_o060_r1481,closure_count>1,2,1,True
n4_o060_r1482,closure_count>1,2,1,True
n4_o060_r1485,closure_count>1,2,1,True
n4_o060_r1487,closure_count>1,2,1,True
n4_o060_r1488,closure_count>1,2,1,True
n4_o060_r1491,closure_count>1,2,1,True
n4_o060_r1492,closure_count>1,2,1,True
n4_o060_r1493,closure_count>1,2,1,True
n4_o060_r1494,closure_count>1,2,1,True
n4_o061_r1503,closure_count>1,2,1,True
n4_o061_r1509,closure_count>1,2,1,True
n4_o061_r1515,closure_count>1,2,1,True
n4_o061_r1516,closure_count>1,2,1,True
n4_o061_r1519,closure_count>1,2,1,True
n4_o061_r1520,closure_count>1,2,1,True
n4_o061_r1521,closure_count>1,2,1,True
n4_o061_r1522,closure_count>1,2,1,True
n4_o061_r1523,closure_count>1,2,1,True
n4_o061_r1524,closure_count>1,2,1,True
n4_o062_r1537,closure_count>1,2,1,True
n4_o062_r1539,closure_count>1,3,1,True
n4_o062_r1540,closure_count>1,2,1,True
n4_o063_r1550,closure_count>1,2,1,True
n4_o063_r1552,closure_count>1,3,1,True
n4_o063_r1556,closure_count>1,2,1,True
n4_o063_r1558,closure_count>1,3,1,True
n4_o063_r1561,closure_count>1,2,1,True
n4_o063_r1562,closure_count>1,2,1,True
n4_o063_r1563,closure_count>1,3,1,True
n4_o063_r1564,closure_count>1,4,1,True
n4_o064_r1576,closure_count>1,2,1,True
n4_o064_r1577,closure_count>1,2,1,True
n4_o064_r1578,closure_count>1,4,1,True
n4_o064_r1582,closure_count>1,2,1,True
n4_o064_r1583,closure_count>1,2,1,True
n4_o064_r1584,closure_count>1,4,1,True
n4_o064_r1585,closure_count>1,2,1,True
n4_o064_r1587,closure_count>1,3,1,True
n4_o064_r1588,closure_count>1,2,1,True
n4_o064_r1589,closure_count>1,2,1,True
n4_o064_r1590,closure_count>1,2,1,True
n4_o065_r1600,closure_count>1,2,1,True
n4_o065_r1602,closure_count>1,2,1,True
n4_o065_r1606,closure_count>1,2,1,True
n4_o065_r1608,closure_count>1,2,1,True
n4_o065_r1609,closure_count>1,2,1,True
n4_o065_r1611,closure_count>1,3,1,True
n4_o065_r1612,closure_count>1,2,1,True
n4_o065_r1615,closure_count>1,2,1,True
n4_o065_r1616,closure_count>1,2,1,True
n4_o065_r1617,closure_count>1,2,1,True
n4_o065_r1618,closure_count>1,2,1,True
n4_o065_r1619,closure_count>1,2,1,True
n4_o065_r1620,closure_count>1,2,1,True
n4_o066_r1622,closure_count>1,2,1,True
n4_o066_r1628,closure_count>1,2,1,True
n4_o066_r1634,closure_count>1,3,1,True
n4_o066_r1636,closure_count>1,5,1,True
n4_o066_r1640,closure_count>1,2,1,True
n4_o066_r1642,closure_count>1,3,1,True
n4_o066_r1643,closure_count>1,2,1,True
n4_o066_r1644,closure_count>1,2,1,True
n4_o067_r1649,closure_count>1,2,1,True
n4_o067_r1650,closure_count>1,2,1,True
n4_o067_r1655,closure_count>1,2,1,True
n4_o067_r1656,closure_count>1,2,1,True
n4_o067_r1658,closure_count>1,2,1,True
n4_o067_r1660,closure_count>1,3,1,True
n4_o067_r1661,closure_count>1,2,1,True
n4_o067_r1662,closure_count>1,2,1,True
n4_o067_r1664,closure_count>1,2,1,True
n4_o067_r1666,closure_count>1,3,1,True
n4_o067_r1667,closure_count>1,2,1,True
n4_o067_r1668,closure_count>1,2,1,True
n4_o068_r1682,closure_count>1,2,1,True
n4_o068_r1684,closure_count>1,3,1,True
n4_o068_r1687,closure_count>1,2,1,True
n4_o068_r1688,closure_count>1,5,1,True
n4_o068_r1689,closure_count>1,2,1,True
n4_o068_r1690,closure_count>1,6,1,True
n4_o068_r1691,closure_count>1,3,1,True
n4_o068_r1692,closure_count>1,3,1,True
n4_o069_r1697,closure_count>1,2,1,True
n4_o069_r1698,closure_count>1,2,1,True
n4_o069_r1703,closure_count>1,2,1,True
n4_o069_r1704,closure_count>1,2,1,True
n4_o069_r1709,closure_count>1,3,1,True
n4_o069_r1710,closure_count>1,3,1,True
n4_o069_r1715,closure_count>1,2,1,True
n4_o069_r1716,closure_count>1,2,1,True
n4_o070_r1733,closure_count>1,2,1,True
n4_o070_r1734,closure_count>1,2,1,True
n4_o070_r1735,closure_count>1,2,1,True
n4_o070_r1736,closure_count>1,2,1,True
n4_o070_r1737,closure_count>1,2,1,True
n4_o070_r1738,closure_count>1,2,1,True
n4_o070_r1739,closure_count>1,5,1,True
n4_o070_r1740,closure_count>1,5,1,True
n4_o071_r1759,closure_count>1,2,1,True
n4_o071_r1760,closure_count>1,2,1,True
n4_o071_r1761,closure_count>1,2,1,True
n4_o071_r1762,closure_count>1,2,1,True
n4_o071_r1763,closure_count>1,2,1,True
n4_o071_r1764,closure_count>1,2,1,True
n4_o072_r1777,closure_count>1,2,1,True
n4_o072_r1779,closure_count>1,2,1,True
n4_o072_r1780,closure_count>1,2,1,True
n4_o072_r1782,closure_count>1,2,1,True
n4_o073_r1790,closure_count>1,2,1,True
n4_o073_r1792,closure_count>1,3,1,True
n4_o073_r1796,closure_count>1,2,1,True
n4_o073_r1798,closure_count>1,3,1,True
n4_o073_r1801,closure_count>1,2,1,True
n4_o073_r1802,closure_count>1,2,1,True
n4_o073_r1803,closure_count>1,2,1,True
n4_o073_r1804,closure_count>1,4,1,True
n4_o073_r1806,closure_count>1,2,1,True
n4_o074_r1816,closure_count>1,2,1,True
n4_o074_r1817,closure_count>1,2,1,True
n4_o074_r1818,closure_count>1,4,1,True
n4_o074_r1822,closure_count>1,2,1,True
n4_o074_r1823,closure_count>1,2,1,True
n4_o074_r1824,closure_count>1,4,1,True
n4_o074_r1825,closure_count>1,2,1,True
n4_o074_r1827,closure_count>1,2,1,True
n4_o074_r1828,closure_count>1,2,1,True
n4_o074_r1829,closure_count>1,2,1,True
n4_o074_r1830,closure_count>1,4,1,True
n4_o075_r1840,closure_count>1,2,1,True
n4_o075_r1842,closure_count>1,2,1,True
n4_o075_r1846,closure_count>1,2,1,True
n4_o075_r1848,closure_count>1,2,1,True
n4_o075_r1849,closure_count>1,2,1,True
n4_o075_r1851,closure_count>1,2,1,True
n4_o075_r1852,closure_count>1,2,1,True
n4_o075_r1854,closure_count>1,2,1,True
n4_o075_r1855,closure_count>1,2,1,True
n4_o075_r1856,closure_count>1,2,1,True
n4_o075_r1857,closure_count>1,2,1,True
n4_o075_r1858,closure_count>1,2,1,True
n4_o075_r1859,closure_count>1,2,1,True
n4_o075_r1860,closure_count>1,2,1,True
n4_o076_r1862,closure_count>1,2,1,True
n4_o076_r1868,closure_count>1,2,1,True
n4_o076_r1874,closure_count>1,3,1,True
n4_o076_r1876,closure_count>1,5,1,True
n4_o076_r1878,closure_count>1,2,1,True
n4_o076_r1880,closure_count>1,2,1,True
n4_o076_r1882,closure_count>1,3,1,True
n4_o076_r1883,closure_count>1,2,1,True
n4_o076_r1884,closure_count>1,3,1,True
n4_o077_r1889,closure_count>1,2,1,True
n4_o077_r1890,closure_count>1,2,1,True
n4_o077_r1895,closure_count>1,2,1,True
n4_o077_r1896,closure_count>1,2,1,True
n4_o077_r1898,closure_count>1,2,1,True
n4_o077_r1900,closure_count>1,3,1,True
n4_o077_r1901,closure_count>1,2,1,True
n4_o077_r1902,closure_count>1,4,1,True
n4_o077_r1904,closure_count>1,2,1,True
n4_o077_r1906,closure_count>1,3,1,True
n4_o077_r1907,closure_count>1,2,1,True
n4_o077_r1908,closure_count>1,3,1,True
n4_o078_r1922,closure_count>1,2,1,True
n4_o078_r1924,closure_count>1,3,1,True
n4_o078_r1926,closure_count>1,2,1,True
n4_o078_r1927,closure_count>1,2,1,True
n4_o078_r1928,closure_count>1,5,1,True
n4_o078_r1929,closure_count>1,2,1,True
n4_o078_r1930,closure_count>1,6,1,True
n4_o078_r1931,closure_count>1,3,1,True
n4_o078_r1932,closure_count>1,4,1,True
n4_o079_r1937,closure_count>1,2,1,True
n4_o079_r1938,closure_count>1,2,1,True
n4_o079_r1943,closure_count>1,2,1,True
n4_o079_r1944,closure_count>1,2,1,True
n4_o079_r1949,closure_count>1,3,1,True
n4_o079_r1950,closure_count>1,5,1,True
n4_o079_r1955,closure_count>1,2,1,True
n4_o079_r1956,closure_count>1,3,1,True
n4_o080_r1973,closure_count>1,2,1,True
n4_o080_r1974,closure_count>1,3,1,True
n4_o080_r1975,closure_count>1,2,1,True
n4_o080_r1976,closure_count>1,2,1,True
n4_o080_r1977,closure_count>1,2,1,True
n4_o080_r1978,closure_count>1,2,1,True
n4_o080_r1979,closure_count>1,5,1,True
n4_o080_r1980,closure_count>1,6,1,True
n4_o081_r1999,closure_count>1,2,1,True
n4_o081_r2000,closure_count>1,2,1,True
n4_o081_r2001,closure_count>1,2,1,True
n4_o081_r2002,closure_count>1,2,1,True
n4_o081_r2003,closure_count>1,2,1,True
n4_o081_r2004,closure_count>1,2,1,True
n4_o082_r2006,closure_count>1,2,1,True
n4_o082_r2012,closure_count>1,2,1,True
n4_o082_r2018,closure_count>1,3,1,True
n4_o082_r2020,closure_count>1,2,1,True
n4_o082_r2024,closure_count>1,2,1,True
n4_o082_r2027,closure_count>1,2,1,True
n4_o083_r2033,closure_count>1,2,1,True
n4_o083_r2034,closure_count>1,2,1,True
n4_o083_r2039,closure_count>1,2,1,True
n4_o083_r2040,closure_count>1,2,1,True
n4_o083_r2042,closure_count>1,2,1,True
n4_o083_r2044,closure_count>1,2,1,True
n4_o083_r2045,closure_count>1,2,1,True
n4_o083_r2046,closure_count>1,2,1,True
n4_o083_r2048,closure_count>1,2,1,True
n4_o083_r2051,closure_count>1,2,1,True
n4_o084_r2066,closure_count>1,2,1,True
n4_o084_r2068,closure_count>1,2,1,True
n4_o084_r2071,closure_count>1,2,1,True
n4_o084_r2072,closure_count>1,5,1,True
n4_o084_r2073,closure_count>1,2,1,True
n4_o084_r2074,closure_count>1,2,1,True
n4_o084_r2075,closure_count>1,3,1,True
n4_o085_r2081,closure_count>1,2,1,True
n4_o085_r2082,closure_count>1,2,1,True
n4_o085_r2087,closure_count>1,2,1,True
n4_o085_r2088,closure_count>1,2,1,True
n4_o085_r2093,closure_count>1,3,1,True
n4_o085_r2094,closure_count>1,3,1,True
n4_o085_r2099,closure_count>1,2,1,True
n4_o086_r2117,closure_count>1,2,1,True
n4_o086_r2118,closure_count>1,2,1,True
n4_o086_r2119,closure_count>1,2,1,True
n4_o086_r2120,closure_count>1,2,1,True
n4_o086_r2121,closure_count>1,2,1,True
n4_o086_r2122,closure_count>1,2,1,True
n4_o086_r2123,closure_count>1,5,1,True
n4_o086_r2124,closure_count>1,5,1,True
n4_o087_r2143,closure_count>1,2,1,True
n4_o087_r2144,closure_count>1,2,1,True
n4_o087_r2145,closure_count>1,2,1,True
n4_o087_r2146,closure_count>1,2,1,True
n4_o087_r2147,closure_count>1,2,1,True
n4_o087_r2148,closure_count>1,2,1,True
n4_o088_r2151,closure_count>1,2,1,True
n4_o088_r2153,closure_count>1,3,1,True
n4_o088_r2154,closure_count>1,2,1,True
n4_o088_r2159,closure_count>1,2,1,True
n4_o088_r2160,closure_count>1,2,1,True
n4_o088_r2161,closure_count>1,2,1,True
n4_o088_r2163,closure_count>1,2,1,True
n4_o088_r2165,closure_count>1,3,1,True
n4_o088_r2166,closure_count>1,3,1,True
n4_o088_r2167,closure_count>1,2,1,True
n4_o088_r2169,closure_count>1,2,1,True
n4_o088_r2171,closure_count>1,2,1,True
n4_o089_r2175,closure_count>1,2,1,True
n4_o089_r2185,closure_count>1,2,1,True
n4_o089_r2187,closure_count>1,2,1,True
n4_o089_r2189,closure_count>1,2,1,True
n4_o089_r2190,closure_count>1,2,1,True
n4_o089_r2191,closure_count>1,3,1,True
n4_o089_r2192,closure_count>1,2,1,True
n4_o089_r2193,closure_count>1,3,1,True
n4_o089_r2194,closure_count>1,2,1,True
n4_o089_r2195,closure_count>1,5,1,True
n4_o089_r2196,closure_count>1,5,1,True
n4_o090_r2199,closure_count>1,2,1,True
n4_o090_r2209,closure_count>1,2,1,True
n4_o090_r2211,closure_count>1,2,1,True
n4_o090_r2215,closure_count>1,3,1,True
n4_o090_r2216,closure_count>1,2,1,True
n4_o090_r2217,closure_count>1,3,1,True
n4_o090_r2218,closure_count>1,2,1,True
n4_o090_r2219,closure_count>1,2,1,True
n4_o090_r2220,closure_count>1,2,1,True
n4_o091_r2223,closure_count>1,2,1,True
n4_o091_r2224,closure_count>1,2,1,True
n4_o091_r2233,closure_count>1,2,1,True
n4_o091_r2234,closure_count>1,2,1,True
n4_o091_r2235,closure_count>1,2,1,True
n4_o091_r2236,closure_count>1,2,1,True
n4_o091_r2239,closure_count>1,3,1,True
n4_o091_r2240,closure_count>1,3,1,True
n4_o091_r2241,closure_count>1,3,1,True
n4_o091_r2242,closure_count>1,3,1,True
n4_o091_r2243,closure_count>1,2,1,True
n4_o091_r2244,closure_count>1,2,1,True
n4_o092_r2251,closure_count>1,2,1,True
n4_o092_r2252,closure_count>1,2,1,True
n4_o092_r2257,closure_count>1,3,1,True
n4_o092_r2258,closure_count>1,2,1,True
n4_o092_r2259,closure_count>1,2,1,True
n4_o092_r2260,closure_count>1,2,1,True
n4_o092_r2262,closure_count>1,2,1,True
n4_o093_r2270,closure_count>1,2,1,True
n4_o093_r2272,closure_count>1,3,1,True
n4_o093_r2275,closure_count>1,2,1,True
n4_o093_r2276,closure_count>1,4,1,True
n4_o093_r2278,closure_count>1,3,1,True
n4_o093_r2281,closure_count>1,3,1,True
n4_o093_r2282,closure_count>1,4,1,True
n4_o093_r2283,closure_count>1,2,1,True
n4_o093_r2284,closure_count>1,4,1,True
n4_o093_r2286,closure_count>1,2,1,True
n4_o094_r2296,closure_count>1,2,1,True
n4_o094_r2297,closure_count>1,2,1,True
n4_o094_r2298,closure_count>1,4,1,True
n4_o094_r2299,closure_count>1,2,1,True
n4_o094_r2300,closure_count>1,2,1,True
n4_o094_r2302,closure_count>1,2,1,True
n4_o094_r2303,closure_count>1,2,1,True
n4_o094_r2304,closure_count>1,4,1,True
n4_o094_r2305,closure_count>1,3,1,True
n4_o094_r2306,closure_count>1,2,1,True
n4_o094_r2307,closure_count>1,2,1,True
n4_o094_r2308,closure_count>1,2,1,True
n4_o094_r2309,closure_count>1,2,1,True
n4_o094_r2310,closure_count>1,4,1,True
n4_o095_r2320,closure_count>1,2,1,True
n4_o095_r2322,closure_count>1,2,1,True
n4_o095_r2323,closure_count>1,2,1,True
n4_o095_r2324,closure_count>1,2,1,True
n4_o095_r2326,closure_count>1,2,1,True
n4_o095_r2328,closure_count>1,2,1,True
n4_o095_r2329,closure_count>1,3,1,True
n4_o095_r2330,closure_count>1,2,1,True
n4_o095_r2331,closure_count>1,2,1,True
n4_o095_r2332,closure_count>1,2,1,True
n4_o095_r2334,closure_count>1,2,1,True
n4_o095_r2335,closure_count>1,2,1,True
n4_o095_r2336,closure_count>1,2,1,True
n4_o095_r2337,closure_count>1,2,1,True
n4_o095_r2338,closure_count>1,2,1,True
n4_o095_r2339,closure_count>1,2,1,True
n4_o095_r2340,closure_count>1,2,1,True
n4_o096_r2342,closure_count>1,2,1,True
n4_o096_r2347,closure_count>1,2,1,True
n4_o096_r2348,closure_count>1,4,1,True
n4_o096_r2354,closure_count>1,5,1,True
n4_o096_r2356,closure_count>1,5,1,True
n4_o096_r2358,closure_count>1,2,1,True
n4_o096_r2360,closure_count>1,3,1,True
n4_o096_r2362,closure_count>1,3,1,True
n4_o096_r2363,closure_count>1,2,1,True
n4_o096_r2364,closure_count>1,3,1,True
n4_o097_r2369,closure_count>1,2,1,True
n4_o097_r2370,closure_count>1,2,1,True
n4_o097_r2371,closure_count>1,2,1,True
n4_o097_r2372,closure_count>1,2,1,True
n4_o097_r2375,closure_count>1,2,1,True
n4_o097_r2376,closure_count>1,2,1,True
n4_o097_r2378,closure_count>1,3,1,True
n4_o097_r2380,closure_count>1,3,1,True
n4_o097_r2381,closure_count>1,2,1,True
n4_o097_r2382,closure_count>1,4,1,True
n4_o097_r2384,closure_count>1,3,1,True
n4_o097_r2386,closure_count>1,3,1,True
n4_o097_r2387,closure_count>1,2,1,True
n4_o097_r2388,closure_count>1,3,1,True
n4_o098_r2395,closure_count>1,2,1,True
n4_o098_r2396,closure_count>1,2,1,True
n4_o098_r2402,closure_count>1,3,1,True
n4_o098_r2404,closure_count>1,3,1,True
n4_o098_r2406,closure_count>1,2,1,True
n4_o098_r2407,closure_count>1,2,1,True
n4_o098_r2408,closure_count>1,6,1,True
n4_o098_r2409,closure_count>1,2,1,True
n4_o098_r2410,closure_count>1,6,1,True
n4_o098_r2411,closure_count>1,3,1,True
n4_o098_r2412,closure_count>1,4,1,True
n4_o099_r2417,closure_count>1,2,1,True
n4_o099_r2418,closure_count>1,2,1,True
n4_o099_r2419,closure_count>1,2,1,True
n4_o099_r2420,closure_count>1,2,1,True
n4_o099_r2423,closure_count>1,2,1,True
n4_o099_r2424,closure_count>1,2,1,True
n4_o099_r2429,closure_count>1,3,1,True
n4_o099_r2430,closure_count>1,5,1,True
n4_o099_r2435,closure_count>1,2,1,True
n4_o099_r2436,closure_count>1,3,1,True
n4_o100_r2443,closure_count>1,2,1,True
n4_o100_r2444,closure_count>1,2,1,True
n4_o100_r2453,closure_count>1,2,1,True
n4_o100_r2454,closure_count>1,3,1,True
n4_o100_r2455,closure_count>1,2,1,True
n4_o100_r2456,closure_count>1,2,1,True
n4_o100_r2457,closure_count>1,2,1,True
n4_o100_r2458,closure_count>1,2,1,True
n4_o100_r2459,closure_count>1,5,1,True
n4_o100_r2460,closure_count>1,6,1,True
n4_o101_r2467,closure_count>1,2,1,True
n4_o101_r2468,closure_count>1,2,1,True
n4_o101_r2479,closure_count>1,2,1,True
n4_o101_r2480,closure_count>1,2,1,True
n4_o101_r2481,closure_count>1,2,1,True
n4_o101_r2482,closure_count>1,2,1,True
n4_o101_r2483,closure_count>1,2,1,True
n4_o101_r2484,closure_count>1,2,1,True
n4_o102_r2486,closure_count>1,2,1,True
n4_o102_r2491,closure_count>1,2,1,True
n4_o102_r2492,closure_count>1,4,1,True
n4_o102_r2498,closure_count>1,5,1,True
n4_o102_r2500,closure_count>1,2,1,True
n4_o102_r2504,closure_count>1,3,1,True
n4_o102_r2507,closure_count>1,2,1,True
n4_o103_r2513,closure_count>1,2,1,True
n4_o103_r2514,closure_count>1,2,1,True
n4_o103_r2515,closure_count>1,2,1,True
n4_o103_r2516,closure_count>1,2,1,True
n4_o103_r2519,closure_count>1,2,1,True
n4_o103_r2520,closure_count>1,2,1,True
n4_o103_r2522,closure_count>1,3,1,True
n4_o103_r2524,closure_count>1,2,1,True
n4_o103_r2525,closure_count>1,2,1,True
n4_o103_r2526,closure_count>1,2,1,True
n4_o103_r2528,closure_count>1,3,1,True
n4_o103_r2531,closure_count>1,2,1,True
n4_o104_r2539,closure_count>1,2,1,True
n4_o104_r2540,closure_count>1,2,1,True
n4_o104_r2546,closure_count>1,3,1,True
n4_o104_r2548,closure_count>1,2,1,True
n4_o104_r2551,closure_count>1,2,1,True
n4_o104_r2552,closure_count>1,6,1,True
n4_o104_r2553,closure_count>1,2,1,True
n4_o104_r2554,closure_count>1,2,1,True
n4_o104_r2555,closure_count>1,3,1,True
n4_o105_r2561,closure_count>1,2,1,True
n4_o105_r2562,closure_count>1,2,1,True
n4_o105_r2563,closure_count>1,2,1,True
n4_o105_r2564,closure_count>1,2,1,True
n4_o105_r2567,closure_count>1,2,1,True
n4_o105_r2568,closure_count>1,2,1,True
n4_o105_r2573,closure_count>1,3,1,True
n4_o105_r2574,closure_count>1,3,1,True
n4_o105_r2579,closure_count>1,2,1,True
n4_o106_r2587,closure_count>1,2,1,True
n4_o106_r2588,closure_count>1,2,1,True
n4_o106_r2597,closure_count>1,2,1,True
n4_o106_r2598,closure_count>1,2,1,True
n4_o106_r2599,closure_count>1,2,1,True
n4_o106_r2600,closure_count>1,2,1,True
n4_o106_r2601,closure_count>1,2,1,True
n4_o106_r2602,closure_count>1,2,1,True
n4_o106_r2603,closure_count>1,5,1,True
n4_o106_r2604,closure_count>1,5,1,True
n4_o107_r2611,closure_count>1,2,1,True
n4_o107_r2612,closure_count>1,2,1,True
n4_o107_r2623,closure_count>1,2,1,True
n4_o107_r2624,closure_count>1,2,1,True
n4_o107_r2625,closure_count>1,2,1,True
n4_o107_r2626,closure_count>1,2,1,True
n4_o107_r2627,closure_count>1,2,1,True
n4_o107_r2628,closure_count>1,2,1,True
n4_o108_r2631,closure_count>1,2,1,True
n4_o108_r2633,closure_count>1,3,1,True
n4_o108_r2634,closure_count>1,2,1,True
n4_o108_r2635,closure_count>1,2,1,True
n4_o108_r2636,closure_count>1,2,1,True
n4_o108_r2639,closure_count>1,2,1,True
n4_o108_r2640,closure_count>1,2,1,True
n4_o108_r2641,closure_count>1,3,1,True
n4_o108_r2643,closure_count>1,2,1,True
n4_o108_r2645,closure_count>1,3,1,True
n4_o108_r2646,closure_count>1,3,1,True
n4_o108_r2647,closure_count>1,3,1,True
n4_o108_r2649,closure_count>1,2,1,True
n4_o108_r2651,closure_count>1,2,1,True
n4_o109_r2655,closure_count>1,2,1,True
n4_o109_r2659,closure_count>1,2,1,True
n4_o109_r2660,closure_count>1,2,1,True
n4_o109_r2665,closure_count>1,3,1,True
n4_o109_r2667,closure_count>1,2,1,True
n4_o109_r2669,closure_count>1,2,1,True
n4_o109_r2670,closure_count>1,2,1,True
n4_o109_r2671,closure_count>1,4,1,True
n4_o109_r2672,closure_count>1,2,1,True
n4_o109_r2673,closure_count>1,3,1,True
n4_o109_r2674,closure_count>1,2,1,True
n4_o109_r2675,closure_count>1,5,1,True
n4_o109_r2676,closure_count>1,5,1,True
n4_o110_r2679,closure_count>1,2,1,True
n4_o110_r2683,closure_count>1,2,1,True
n4_o110_r2684,closure_count>1,2,1,True
n4_o110_r2689,closure_count>1,3,1,True
n4_o110_r2691,closure_count>1,2,1,True
n4_o110_r2695,closure_count>1,4,1,True
n4_o110_r2696,closure_count>1,2,1,True
n4_o110_r2697,closure_count>1,3,1,True
n4_o110_r2698,closure_count>1,2,1,True
n4_o110_r2699,closure_count>1,2,1,True
n4_o110_r2700,closure_count>1,2,1,True
n4_o111_r2703,closure_count>1,2,1,True
n4_o111_r2704,closure_count>1,2,1,True
n4_o111_r2707,closure_count>1,2,1,True
n4_o111_r2708,closure_count>1,2,1,True
n4_o111_r2713,closure_count>1,3,1,True
n4_o111_r2714,closure_count>1,3,1,True
n4_o111_r2715,closure_count>1,2,1,True
n4_o111_r2716,closure_count>1,2,1,True
n4_o111_r2719,closure_count>1,4,1,True
n4_o111_r2720,closure_count>1,4,1,True
n4_o111_r2721,closure_count>1,3,1,True
n4_o111_r2722,closure_count>1,3,1,True
n4_o111_r2723,closure_count>1,2,1,True
n4_o111_r2724,closure_count>1,2,1,True
n4_o112_r2726,closure_count>1,2,1,True
n4_o112_r2731,closure_count>1,2,1,True
n4_o112_r2732,closure_count>1,4,1,True
n4_o112_r2733,closure_count>1,2,1,True
n4_o112_r2735,closure_count>1,2,1,True
n4_o112_r2738,closure_count>1,5,1,True
n4_o112_r2740,closure_count>1,2,1,True
n4_o112_r2741,closure_count>1,2,1,True
n4_o112_r2744,closure_count>1,3,1,True
n4_o112_r2747,closure_count>1,3,1,True
n4_o113_r2753,closure_count>1,2,1,True
n4_o113_r2754,closure_count>1,2,1,True
n4_o113_r2755,closure_count>1,2,1,True
n4_o113_r2756,closure_count>1,2,1,True
n4_o113_r2757,closure_count>1,2,1,True
n4_o113_r2759,closure_count>1,4,1,True
n4_o113_r2760,closure_count>1,2,1,True
n4_o113_r2762,closure_count>1,3,1,True
n4_o113_r2764,closure_count>1,2,1,True
n4_o113_r2765,closure_count>1,4,1,True
n4_o113_r2766,closure_count>1,2,1,True
n4_o113_r2768,closure_count>1,3,1,True
n4_o113_r2771,closure_count>1,3,1,True
n4_o114_r2779,closure_count>1,2,1,True
n4_o114_r2780,closure_count>1,2,1,True
n4_o114_r2781,closure_count>1,2,1,True
n4_o114_r2783,closure_count>1,2,1,True
n4_o114_r2786,closure_count>1,3,1,True
n4_o114_r2788,closure_count>1,2,1,True
n4_o114_r2789,closure_count>1,2,1,True
n4_o114_r2791,closure_count>1,2,1,True
n4_o114_r2792,closure_count>1,6,1,True
n4_o114_r2793,closure_count>1,2,1,True
n4_o114_r2794,closure_count>1,2,1,True
n4_o114_r2795,closure_count>1,4,1,True
n4_o115_r2801,closure_count>1,2,1,True
n4_o115_r2802,closure_count>1,2,1,True
n4_o115_r2803,closure_count>1,2,1,True
n4_o115_r2804,closure_count>1,2,1,True
n4_o115_r2805,closure_count>1,2,1,True
n4_o115_r2807,closure_count>1,4,1,True
n4_o115_r2808,closure_count>1,2,1,True
n4_o115_r2813,closure_count>1,5,1,True
n4_o115_r2814,closure_count>1,3,1,True
n4_o115_r2819,closure_count>1,3,1,True
n4_o116_r2827,closure_count>1,2,1,True
n4_o116_r2828,closure_count>1,2,1,True
n4_o116_r2829,closure_count>1,2,1,True
n4_o116_r2831,closure_count>1,2,1,True
n4_o116_r2837,closure_count>1,3,1,True
n4_o116_r2838,closure_count>1,2,1,True
n4_o116_r2839,closure_count>1,2,1,True
n4_o116_r2840,closure_count>1,2,1,True
n4_o116_r2841,closure_count>1,2,1,True
n4_o116_r2842,closure_count>1,2,1,True
n4_o116_r2843,closure_count>1,6,1,True
n4_o116_r2844,closure_count>1,5,1,True
n4_o117_r2851,closure_count>1,2,1,True
n4_o117_r2852,closure_count>1,2,1,True
n4_o117_r2853,closure_count>1,2,1,True
n4_o117_r2855,closure_count>1,2,1,True
n4_o117_r2863,closure_count>1,2,1,True
n4_o117_r2864,closure_count>1,2,1,True
n4_o117_r2865,closure_count>1,2,1,True
n4_o117_r2866,closure_count>1,2,1,True
n4_o117_r2867,closure_count>1,2,1,True
n4_o117_r2868,closure_count>1,2,1,True
n4_o118_r2871,closure_count>1,2,1,True
n4_o118_r2873,closure_count>1,3,1,True
n4_o118_r2874,closure_count>1,2,1,True
n4_o118_r2875,closure_count>1,2,1,True
n4_o118_r2876,closure_count>1,2,1,True
n4_o118_r2877,closure_count>1,2,1,True
n4_o118_r2879,closure_count>1,4,1,True
n4_o118_r2880,closure_count>1,2,1,True
n4_o118_r2881,closure_count>1,3,1,True
n4_o118_r2883,closure_count>1,3,1,True
n4_o118_r2885,closure_count>1,5,1,True
n4_o118_r2886,closure_count>1,3,1,True
n4_o118_r2887,closure_count>1,3,1,True
n4_o118_r2889,closure_count>1,3,1,True
n4_o118_r2891,closure_count>1,3,1,True
n4_o119_r2895,closure_count>1,2,1,True
n4_o119_r2899,closure_count>1,2,1,True
n4_o119_r2900,closure_count>1,2,1,True
n4_o119_r2901,closure_count>1,2,1,True
n4_o119_r2903,closure_count>1,2,1,True
n4_o119_r2905,closure_count>1,3,1,True
n4_o119_r2907,closure_count>1,3,1,True
n4_o119_r2909,closure_count>1,3,1,True
n4_o119_r2910,closure_count>1,2,1,True
n4_o119_r2911,closure_count>1,4,1,True
n4_o119_r2912,closure_count>1,2,1,True
n4_o119_r2913,closure_count>1,4,1,True
n4_o119_r2914,closure_count>1,2,1,True
n4_o119_r2915,closure_count>1,6,1,True
n4_o119_r2916,closure_count>1,5,1,True
n4_o120_r2919,closure_count>1,2,1,True
n4_o120_r2923,closure_count>1,2,1,True
n4_o120_r2924,closure_count>1,2,1,True
n4_o120_r2925,closure_count>1,2,1,True
n4_o120_r2927,closure_count>1,2,1,True
n4_o120_r2929,closure_count>1,3,1,True
n4_o120_r2931,closure_count>1,3,1,True
n4_o120_r2935,closure_count>1,4,1,True
n4_o120_r2936,closure_count>1,2,1,True
n4_o120_r2937,closure_count>1,4,1,True
n4_o120_r2938,closure_count>1,2,1,True
n4_o120_r2939,closure_count>1,2,1,True
n4_o120_r2940,closure_count>1,2,1,True
n4_o121_r2943,closure_count>1,2,1,True
n4_o121_r2944,closure_count>1,2,1,True
n4_o121_r2947,closure_count>1,2,1,True
n4_o121_r2948,closure_count>1,2,1,True
n4_o121_r2949,closure_count>1,2,1,True
n4_o121_r2951,closure_count>1,2,1,True
n4_o121_r2953,closure_count>1,3,1,True
n4_o121_r2954,closure_count>1,3,1,True
n4_o121_r2955,closure_count>1,3,1,True
n4_o121_r2956,closure_count>1,2,1,True
n4_o121_r2959,closure_count>1,4,1,True
n4_o121_r2960,closure_count>1,4,1,True
n4_o121_r2961,closure_count>1,4,1,True
n4_o121_r2962,closure_count>1,3,1,True
n4_o121_r2963,closure_count>1,2,1,True
n4_o121_r2964,closure_count>1,2,1,True
n4_o122_r2967,closure_count>1,2,1,True
n4_o122_r2969,closure_count>1,3,1,True
n4_o122_r2970,closure_count>1,2,1,True
n4_o122_r2971,closure_count>1,2,1,True
n4_o122_r2972,closure_count>1,2,1,True
n4_o122_r2973,closure_count>1,2,1,True
n4_o122_r2974,closure_count>1,2,1,True
n4_o122_r2975,closure_count>1,4,1,True
n4_o122_r2976,closure_count>1,4,1,True
n4_o122_r2977,closure_count>1,3,1,True
n4_o122_r2979,closure_count>1,4,1,True
n4_o122_r2981,closure_count>1,5,1,True
n4_o122_r2982,closure_count>1,5,1,True
n4_o122_r2983,closure_count>1,3,1,True
n4_o122_r2985,closure_count>1,4,1,True
n4_o122_r2987,closure_count>1,4,1,True
n4_o123_r2991,closure_count>1,2,1,True
n4_o123_r2995,closure_count>1,2,1,True
n4_o123_r2996,closure_count>1,2,1,True
n4_o123_r2997,closure_count>1,2,1,True
n4_o123_r2998,closure_count>1,2,1,True
n4_o123_r2999,closure_count>1,2,1,True
n4_o123_r3000,closure_count>1,2,1,True
n4_o123_r3001,closure_count>1,3,1,True
n4_o123_r3003,closure_count>1,4,1,True
n4_o123_r3005,closure_count>1,3,1,True
n4_o123_r3006,closure_count>1,3,1,True
n4_o123_r3007,closure_count>1,4,1,True
n4_o123_r3008,closure_count>1,2,1,True
n4_o123_r3009,closure_count>1,6,1,True
n4_o123_r3010,closure_count>1,2,1,True
n4_o123_r3011,closure_count>1,8,1,True
n4_o123_r3012,closure_count>1,5,1,True
n4_o124_r3015,closure_count>1,2,1,True
n4_o124_r3019,closure_count>1,2,1,True
n4_o124_r3020,closure_count>1,2,1,True
n4_o124_r3021,closure_count>1,2,1,True
n4_o124_r3022,closure_count>1,2,1,True
n4_o124_r3023,closure_count>1,2,1,True
n4_o124_r3024,closure_count>1,2,1,True
n4_o124_r3025,closure_count>1,3,1,True
n4_o124_r3027,closure_count>1,4,1,True
n4_o124_r3031,closure_count>1,4,1,True
n4_o124_r3032,closure_count>1,2,1,True
n4_o124_r3033,closure_count>1,6,1,True
n4_o124_r3034,closure_count>1,2,1,True
n4_o124_r3035,closure_count>1,2,1,True
n4_o124_r3036,closure_count>1,2,1,True
n4_o125_r3039,closure_count>1,2,1,True
n4_o125_r3040,closure_count>1,2,1,True
n4_o125_r3043,closure_count>1,2,1,True
n4_o125_r3044,closure_count>1,2,1,True
n4_o125_r3045,closure_count>1,2,1,True
n4_o125_r3046,closure_count>1,2,1,True
n4_o125_r3047,closure_count>1,2,1,True
n4_o125_r3048,closure_count>1,2,1,True
n4_o125_r3049,closure_count>1,3,1,True
n4_o125_r3050,closure_count>1,3,1,True
n4_o125_r3051,closure_count>1,4,1,True
n4_o125_r3052,closure_count>1,3,1,True
n4_o125_r3055,closure_count>1,4,1,True
n4_o125_r3056,closure_count>1,4,1,True
n4_o125_r3057,closure_count>1,6,1,True
n4_o125_r3058,closure_count>1,4,1,True
n4_o125_r3059,closure_count>1,2,1,True
n4_o125_r3060,closure_count>1,2,1,True
n4_o126_r3063,closure_count>1,2,1,True
n4_o126_r3064,closure_count>1,2,1,True
n4_o126_r3067,closure_count>1,2,1,True
n4_o126_r3068,closure_count>1,2,1,True
n4_o126_r3069,closure_count>1,4,1,True
n4_o126_r3070,closure_count>1,2,1,True
n4_o126_r3071,closure_count>1,2,1,True
n4_o126_r3072,closure_count>1,2,1,True
n4_o126_r3073,closure_count>1,4,1,True
n4_o126_r3074,closure_count>1,3,1,True
n4_o126_r3075,closure_count>1,6,1,True
n4_o126_r3076,closure_count>1,4,1,True
n4_o126_r3079,closure_count>1,5,1,True
n4_o126_r3080,closure_count>1,4,1,True
n4_o126_r3081,closure_count>1,8,1,True
n4_o126_r3082,closure_count>1,6,1,True
n4_o126_r3083,closure_count>1,2,1,True
n4_o126_r3084,closure_count>1,2,1,True
