M_K_v2_class,M_K_v2_hash,class_id,d_by_rank,exclusion_reason,in_endpoint_class,instance_id,is_endpoint,pair_id,step
WP09C00412,5677a6b7c0b60fbb99208811ecc6169646dee4c5680fa759e9acec0ef74ed149,WP09C00412,"[3,1,7,5,15]",,True,B_o004_r00747,True,XP001,0
WP09C00435,b668110acbf6258ecfcd874c63b45ae05de176d2517ed87e36253ae5844d5ac8,WP09C00412,"[3,1,5,7,15]",,False,B_o004_r00745,False,XP001,1
WP09C00412,5677a6b7c0b60fbb99208811ecc6169646dee4c5680fa759e9acec0ef74ed149,WP09C00412,"[5,1,3,7,15]",,True,B_o004_r00769,True,XP001,2
WP09C00412,5677a6b7c0b60fbb99208811ecc6169646dee4c5680fa759e9acec0ef74ed149,WP09C00412,"[5,1,3,7,15]",,True,B_o004_r00769,True,XP002,0
WP09C00435,b668110acbf6258ecfcd874c63b45ae05de176d2517ed87e36253ae5844d5ac8,WP09C00412,"[3,1,5,7,15]",,False,B_o004_r00745,False,XP002,1
WP09C00412,5677a6b7c0b60fbb99208811ecc6169646dee4c5680fa759e9acec0ef74ed149,WP09C00412,"[3,1,7,5,15]",,True,B_o004_r00747,False,XP002,2
WP09C00412,5677a6b7c0b60fbb99208811ecc6169646dee4c5680fa759e9acec0ef74ed149,WP09C00412,"[5,1,7,3,15]",,True,B_o004_r00771,True,XP002,3
WP09C00483,5677a6b7c0b60fbb99208811ecc6169646dee4c5680fa759e9acec0ef74ed149,WP09C00483,"[3,1,7,5,17]",,True,B_o005_r00867,True,XP003,0
WP09C00506,b668110acbf6258ecfcd874c63b45ae05de176d2517ed87e36253ae5844d5ac8,WP09C00483,"[3,1,5,7,17]",,False,B_o005_r00865,False,XP003,1
WP09C00483,5677a6b7c0b60fbb99208811ecc6169646dee4c5680fa759e9acec0ef74ed149,WP09C00483,"[5,1,3,7,17]",,True,B_o005_r00889,True,XP003,2
WP09C00483,5677a6b7c0b60fbb99208811ecc6169646dee4c5680fa759e9acec0ef74ed149,WP09C00483,"[5,1,3,7,17]",,True,B_o005_r00889,True,XP004,0
WP09C00506,b668110acbf6258ecfcd874c63b45ae05de176d2517ed87e36253ae5844d5ac8,WP09C00483,"[3,1,5,7,17]",,False,B_o005_r00865,False,XP004,1
WP09C00483,5677a6b7c0b60fbb99208811ecc6169646dee4c5680fa759e9acec0ef74ed149,WP09C00483,"[3,1,7,5,17]",,True,B_o005_r00867,False,XP004,2
WP09C00483,5677a6b7c0b60fbb99208811ecc6169646dee4c5680fa759e9acec0ef74ed149,WP09C00483,"[5,1,7,3,17]",,True,B_o005_r00891,True,XP004,3
WP09C00654,5677a6b7c0b60fbb99208811ecc6169646dee4c5680fa759e9acec0ef74ed149,WP09C00654,"[3,1,9,5,15]",,True,B_o008_r01227,True,XP005,0
WP09C00679,b668110acbf6258ecfcd874c63b45ae05de176d2517ed87e36253ae5844d5ac8,WP09C00654,"[3,1,5,9,15]",,False,B_o008_r01225,False,XP005,1
WP09C00654,5677a6b7c0b60fbb99208811ecc6169646dee4c5680fa759e9acec0ef74ed149,WP09C00654,"[5,1,3,9,15]",,True,B_o008_r01249,True,XP005,2
WP09C00654,5677a6b7c0b60fbb99208811ecc6169646dee4c5680fa759e9acec0ef74ed149,WP09C00654,"[5,1,3,9,15]",,True,B_o008_r01249,True,XP006,0
WP09C00679,b668110acbf6258ecfcd874c63b45ae05de176d2517ed87e36253ae5844d5ac8,WP09C00654,"[3,1,5,9,15]",,False,B_o008_r01225,False,XP006,1
WP09C00654,5677a6b7c0b60fbb99208811ecc6169646dee4c5680fa759e9acec0ef74ed149,WP09C00654,"[3,1,9,5,15]",,True,B_o008_r01227,False,XP006,2
WP09C00654,5677a6b7c0b60fbb99208811ecc6169646dee4c5680fa759e9acec0ef74ed149,WP09C00654,"[5,1,9,3,15]",,True,B_o008_r01251,True,XP006,3
WP09C00718,5677a6b7c0b60fbb99208811ecc6169646dee4c5680fa759e9acec0ef74ed149,WP09C00718,"[3,1,9,5,17]",,True,B_o009_r01347,True,XP007,0
WP09C00743,b668110acbf6258ecfcd874c63b45ae05de176d2517ed87e36253ae5844d5ac8,WP09C00718,"[3,1,5,9,17]",,False,B_o009_r01345,False,XP007,1
WP09C00718,5677a6b7c0b60fbb99208811ecc6169646dee4c5680fa759e9acec0ef74ed149,WP09C00718,"[5,1,3,9,17]",,True,B_o009_r01369,True,XP007,2
WP09C00718,5677a6b7c0b60fbb99208811ecc6169646dee4c5680fa759e9acec0ef74ed149,WP09C00718,"[5,1,3,9,17]",,True,B_o009_r01369,True,XP008,0
WP09C00743,b668110acbf6258ecfcd874c63b45ae05de176d2517ed87e36253ae5844d5ac8,WP09C00718,"[3,1,5,9,17]",,False,B_o009_r01345,False,XP008,1
WP09C00718,5677a6b7c0b60fbb99208811ecc6169646dee4c5680fa759e9acec0ef74ed149,WP09C00718,"[3,1,9,5,17]",,True,B_o009_r01347,False,XP008,2
WP09C00718,5677a6b7c0b60fbb99208811ecc6169646dee4c5680fa759e9acec0ef74ed149,WP09C00718,"[5,1,9,3,17]",,True,B_o009_r01371,True,XP008,3
WP09C01026,f700a6bb0c75e0acbbecceee1f6be8b5fc7e4337ed71b49f6999e4709f966f0c,WP09C01026,"[1,13,5,3,15]",,True,B_o013_r01815,True,XP009,0
WP09C00962,28448d17a9ee2aae3393318e3f77410fcb03066404c47c26129e51097629530c,WP09C01026,"[1,13,3,5,15]",,False,B_o013_r01813,False,XP009,1
WP09C01026,f700a6bb0c75e0acbbecceee1f6be8b5fc7e4337ed71b49f6999e4709f966f0c,WP09C01026,"[3,13,1,5,15]",,True,B_o013_r01837,True,XP009,2
WP09C01026,f700a6bb0c75e0acbbecceee1f6be8b5fc7e4337ed71b49f6999e4709f966f0c,WP09C01026,"[3,13,1,5,15]",,True,B_o013_r01837,True,XP010,0
WP09C00962,28448d17a9ee2aae3393318e3f77410fcb03066404c47c26129e51097629530c,WP09C01026,"[1,13,3,5,15]",,False,B_o013_r01813,False,XP010,1
WP09C01026,f700a6bb0c75e0acbbecceee1f6be8b5fc7e4337ed71b49f6999e4709f966f0c,WP09C01026,"[1,13,5,3,15]",,True,B_o013_r01815,False,XP010,2
WP09C01026,f700a6bb0c75e0acbbecceee1f6be8b5fc7e4337ed71b49f6999e4709f966f0c,WP09C01026,"[3,13,5,1,15]",,True,B_o013_r01839,True,XP010,3
WP09C01104,f700a6bb0c75e0acbbecceee1f6be8b5fc7e4337ed71b49f6999e4709f966f0c,WP09C01104,"[1,13,5,3,17]",,True,B_o014_r01935,True,XP011,0
WP09C01040,28448d17a9ee2aae3393318e3f77410fcb03066404c47c26129e51097629530c,WP09C01104,"[1,13,3,5,17]",,False,B_o014_r01933,False,XP011,1
WP09C01104,f700a6bb0c75e0acbbecceee1f6be8b5fc7e4337ed71b49f6999e4709f966f0c,WP09C01104,"[3,13,1,5,17]",,True,B_o014_r01957,True,XP011,2
WP09C01104,f700a6bb0c75e0acbbecceee1f6be8b5fc7e4337ed71b49f6999e4709f966f0c,WP09C01104,"[3,13,1,5,17]",,True,B_o014_r01957,True,XP012,0
WP09C01040,28448d17a9ee2aae3393318e3f77410fcb03066404c47c26129e51097629530c,WP09C01104,"[1,13,3,5,17]",,False,B_o014_r01933,False,XP012,1
WP09C01104,f700a6bb0c75e0acbbecceee1f6be8b5fc7e4337ed71b49f6999e4709f966f0c,WP09C01104,"[1,13,5,3,17]",,True,B_o014_r01935,False,XP012,2
WP09C01104,f700a6bb0c75e0acbbecceee1f6be8b5fc7e4337ed71b49f6999e4709f966f0c,WP09C01104,"[3,13,5,1,17]",,True,B_o014_r01959,True,XP012,3
WP09C01158,f700a6bb0c75e0acbbecceee1f6be8b5fc7e4337ed71b49f6999e4709f966f0c,WP09C01158,"[1,15,5,3,17]",,True,B_o015_r02055,True,XP013,0
WP09C01117,28448d17a9ee2aae3393318e3f77410fcb03066404c47c26129e51097629530c,WP09C01158,"[1,15,3,5,17]",,False,B_o015_r02053,False,XP013,1
WP09C01158,f700a6bb0c75e0acbbecceee1f6be8b5fc7e4337ed71b49f6999e4709f966f0c,WP09C01158,"[3,15,1,5,17]",,True,B_o015_r02077,True,XP013,2
WP09C01158,f700a6bb0c75e0acbbecceee1f6be8b5fc7e4337ed71b49f6999e4709f966f0c,WP09C01158,"[3,15,1,5,17]",,True,B_o015_r02077,True,XP014,0
WP09C01117,28448d17a9ee2aae3393318e3f77410fcb03066404c47c26129e51097629530c,WP09C01158,"[1,15,3,5,17]",,False,B_o015_r02053,False,XP014,1
WP09C01158,f700a6bb0c75e0acbbecceee1f6be8b5fc7e4337ed71b49f6999e4709f966f0c,WP09C01158,"[1,15,5,3,17]",,True,B_o015_r02055,False,XP014,2
WP09C01158,f700a6bb0c75e0acbbecceee1f6be8b5fc7e4337ed71b49f6999e4709f966f0c,WP09C01158,"[3,15,5,1,17]",,True,B_o015_r02079,True,XP014,3
WP09C01626,f700a6bb0c75e0acbbecceee1f6be8b5fc7e4337ed71b49f6999e4709f966f0c,WP09C01626,"[1,13,7,3,15]",,True,B_o023_r03015,True,XP015,0
WP09C01566,28448d17a9ee2aae3393318e3f77410fcb03066404c47c26129e51097629530c,WP09C01626,"[1,13,3,7,15]",,False,B_o023_r03013,False,XP015,1
WP09C01626,f700a6bb0c75e0acbbecceee1f6be8b5fc7e4337ed71b49f6999e4709f966f0c,WP09C01626,"[3,13,1,7,15]",,True,B_o023_r03037,True,XP015,2
WP09C01626,f700a6bb0c75e0acbbecceee1f6be8b5fc7e4337ed71b49f6999e4709f966f0c,WP09C01626,"[3,13,1,7,15]",,True,B_o023_r03037,True,XP016,0
WP09C01566,28448d17a9ee2aae3393318e3f77410fcb03066404c47c26129e51097629530c,WP09C01626,"[1,13,3,7,15]",,False,B_o023_r03013,False,XP016,1
WP09C01626,f700a6bb0c75e0acbbecceee1f6be8b5fc7e4337ed71b49f6999e4709f966f0c,WP09C01626,"[1,13,7,3,15]",,True,B_o023_r03015,False,XP016,2
WP09C01626,f700a6bb0c75e0acbbecceee1f6be8b5fc7e4337ed71b49f6999e4709f966f0c,WP09C01626,"[3,13,7,1,15]",,True,B_o023_r03039,True,XP016,3
WP09C01703,f700a6bb0c75e0acbbecceee1f6be8b5fc7e4337ed71b49f6999e4709f966f0c,WP09C01703,"[1,13,7,3,17]",,True,B_o024_r03135,True,XP017,0
WP09C01643,28448d17a9ee2aae3393318e3f77410fcb03066404c47c26129e51097629530c,WP09C01703,"[1,13,3,7,17]",,False,B_o024_r03133,False,XP017,1
WP09C01703,f700a6bb0c75e0acbbecceee1f6be8b5fc7e4337ed71b49f6999e4709f966f0c,WP09C01703,"[3,13,1,7,17]",,True,B_o024_r03157,True,XP017,2
WP09C01703,f700a6bb0c75e0acbbecceee1f6be8b5fc7e4337ed71b49f6999e4709f966f0c,WP09C01703,"[3,13,1,7,17]",,True,B_o024_r03157,True,XP018,0
WP09C01643,28448d17a9ee2aae3393318e3f77410fcb03066404c47c26129e51097629530c,WP09C01703,"[1,13,3,7,17]",,False,B_o024_r03133,False,XP018,1
WP09C01703,f700a6bb0c75e0acbbecceee1f6be8b5fc7e4337ed71b49f6999e4709f966f0c,WP09C01703,"[1,13,7,3,17]",,True,B_o024_r03135,False,XP018,2
WP09C01703,f700a6bb0c75e0acbbecceee1f6be8b5fc7e4337ed71b49f6999e4709f966f0c,WP09C01703,"[3,13,7,1,17]",,True,B_o024_r03159,True,XP018,3
WP09C01713,1e8307aa98cbc4be53d2bf6e22ea9b2f766fa8b899537c998a14b4f4b1314315,WP09C01713,"[15,1,7,3,17]",,True,B_o025_r03315,True,XP019,0
WP09C01748,cd462c82d6197cea6734a319f9c9b22460a4671e7e6bef5c00adfcb3978be1e9,WP09C01713,"[15,1,3,7,17]",,False,B_o025_r03313,False,XP019,1
WP09C01713,1e8307aa98cbc4be53d2bf6e22ea9b2f766fa8b899537c998a14b4f4b1314315,WP09C01713,"[15,3,1,7,17]",,True,B_o025_r03319,True,XP019,2
WP09C01713,1e8307aa98cbc4be53d2bf6e22ea9b2f766fa8b899537c998a14b4f4b1314315,WP09C01713,"[15,3,1,7,17]",,True,B_o025_r03319,True,XP020,0
WP09C01748,cd462c82d6197cea6734a319f9c9b22460a4671e7e6bef5c00adfcb3978be1e9,WP09C01713,"[15,1,3,7,17]",,False,B_o025_r03313,False,XP020,1
WP09C01713,1e8307aa98cbc4be53d2bf6e22ea9b2f766fa8b899537c998a14b4f4b1314315,WP09C01713,"[15,1,7,3,17]",,True,B_o025_r03315,False,XP020,2
WP09C01713,1e8307aa98cbc4be53d2bf6e22ea9b2f766fa8b899537c998a14b4f4b1314315,WP09C01713,"[15,3,7,1,17]",,True,B_o025_r03321,True,XP020,3
WP09C01757,f700a6bb0c75e0acbbecceee1f6be8b5fc7e4337ed71b49f6999e4709f966f0c,WP09C01757,"[1,15,7,3,17]",,True,B_o025_r03255,True,XP021,0
WP09C01719,28448d17a9ee2aae3393318e3f77410fcb03066404c47c26129e51097629530c,WP09C01757,"[1,15,3,7,17]",,False,B_o025_r03253,False,XP021,1
WP09C01757,f700a6bb0c75e0acbbecceee1f6be8b5fc7e4337ed71b49f6999e4709f966f0c,WP09C01757,"[3,15,1,7,17]",,True,B_o025_r03277,True,XP021,2
WP09C01757,f700a6bb0c75e0acbbecceee1f6be8b5fc7e4337ed71b49f6999e4709f966f0c,WP09C01757,"[3,15,1,7,17]",,True,B_o025_r03277,True,XP022,0
WP09C01719,28448d17a9ee2aae3393318e3f77410fcb03066404c47c26129e51097629530c,WP09C01757,"[1,15,3,7,17]",,False,B_o025_r03253,False,XP022,1
WP09C01757,f700a6bb0c75e0acbbecceee1f6be8b5fc7e4337ed71b49f6999e4709f966f0c,WP09C01757,"[1,15,7,3,17]",,True,B_o025_r03255,False,XP022,2
WP09C01757,f700a6bb0c75e0acbbecceee1f6be8b5fc7e4337ed71b49f6999e4709f966f0c,WP09C01757,"[3,15,7,1,17]",,True,B_o025_r03279,True,XP022,3
