EDD_changed,EDD_high,EDD_low,changed_p_ranks,class_id,cycles,due_rank_distance,high_due_ranks,low_due_ranks,min_transpositions,pattern,position_mapping
True,"[1,3,2,4]","[3,1,2,4]","[1,3]",V2C00043,"[[1,3],[2],[4]]",1,"[1,3,2,4]","[2,3,1,4]",1,"[[1,3],1,1,""BOTH_CHANGE_OFFSETTING""]","[3,2,1,4]"
True,"[2,3,4,1]","[3,2,4,1]","[2,3]",V2C00046,"[[1],[2,3],[4]]",1,"[4,1,2,3]","[4,2,1,3]",1,"[[2,3],1,1,""EDD_ONLY_CHANGE""]","[1,3,2,4]"
True,"[2,3,1,4]","[3,2,1,4]","[2,3]",V2C00048,"[[1],[2,3],[4]]",1,"[3,1,2,4]","[3,2,1,4]",1,"[[2,3],1,1,""EDD_ONLY_CHANGE""]","[1,3,2,4]"
True,"[1,3,2,4]","[3,1,2,4]","[1,3]",V2C00056,"[[1,3],[2],[4]]",1,"[1,3,2,4]","[2,3,1,4]",1,"[[1,3],1,1,""BOTH_CHANGE_OFFSETTING""]","[3,2,1,4]"
True,"[2,3,1,4]","[3,2,1,4]","[2,3]",V2C00060,"[[1],[2,3],[4]]",1,"[3,1,2,4]","[3,2,1,4]",1,"[[2,3],1,1,""EDD_ONLY_CHANGE""]","[1,3,2,4]"
True,"[1,3,4,2]","[3,1,4,2]","[1,3]",V2C00063,"[[1,3],[2],[4]]",1,"[1,4,2,3]","[2,4,1,3]",1,"[[1,3],1,1,""BOTH_CHANGE_OFFSETTING""]","[3,2,1,4]"
True,"[1,3,2,4]","[3,1,2,4]","[1,3]",V2C00071,"[[1,3],[2],[4]]",1,"[1,3,2,4]","[2,3,1,4]",1,"[[1,3],1,1,""BOTH_CHANGE_OFFSETTING""]","[3,2,1,4]"
True,"[2,3,4,1]","[3,2,4,1]","[2,3]",V2C00072,"[[1],[2,3],[4]]",1,"[4,1,2,3]","[4,2,1,3]",1,"[[2,3],1,1,""EDD_ONLY_CHANGE""]","[1,3,2,4]"
True,"[2,3,1,4]","[3,2,1,4]","[2,3]",V2C00077,"[[1],[2,3],[4]]",1,"[3,1,2,4]","[3,2,1,4]",1,"[[2,3],1,1,""EDD_ONLY_CHANGE""]","[1,3,2,4]"
True,"[1,3,4,2]","[3,1,4,2]","[1,3]",V2C00081,"[[1,3],[2],[4]]",1,"[1,4,2,3]","[2,4,1,3]",1,"[[1,3],1,1,""BOTH_CHANGE_OFFSETTING""]","[3,2,1,4]"
True,"[1,3,2,4]","[3,1,2,4]","[1,3]",V2C00090,"[[1,3],[2],[4]]",1,"[1,3,2,4]","[2,3,1,4]",1,"[[1,3],1,1,""BOTH_CHANGE_OFFSETTING""]","[3,2,1,4]"
True,"[2,3,4,1]","[3,2,4,1]","[2,3]",V2C00091,"[[1],[2,3],[4]]",1,"[4,1,2,3]","[4,2,1,3]",1,"[[2,3],1,1,""EDD_ONLY_CHANGE""]","[1,3,2,4]"
True,"[2,3,1,4]","[3,2,1,4]","[2,3]",V2C00094,"[[1],[2,3],[4]]",1,"[3,1,2,4]","[3,2,1,4]",1,"[[2,3],1,1,""EDD_ONLY_CHANGE""]","[1,3,2,4]"
True,"[1,3,4,2]","[3,1,4,2]","[1,3]",V2C00096,"[[1,3],[2],[4]]",1,"[1,4,2,3]","[2,4,1,3]",1,"[[1,3],1,1,""BOTH_CHANGE_OFFSETTING""]","[3,2,1,4]"
True,"[1,3,2,4]","[3,1,2,4]","[1,3]",V2C00105,"[[1,3],[2],[4]]",1,"[1,3,2,4]","[2,3,1,4]",1,"[[1,3],1,1,""BOTH_CHANGE_OFFSETTING""]","[3,2,1,4]"
True,"[2,3,4,1]","[3,2,4,1]","[2,3]",V2C00107,"[[1],[2,3],[4]]",1,"[4,1,2,3]","[4,2,1,3]",1,"[[2,3],1,1,""EDD_ONLY_CHANGE""]","[1,3,2,4]"
True,"[2,3,1,4]","[3,2,1,4]","[2,3]",V2C00111,"[[1],[2,3],[4]]",1,"[3,1,2,4]","[3,2,1,4]",1,"[[2,3],1,1,""EDD_ONLY_CHANGE""]","[1,3,2,4]"
True,"[1,3,2,4]","[3,1,2,4]","[1,3]",V2C00120,"[[1,3],[2],[4]]",1,"[1,3,2,4]","[2,3,1,4]",1,"[[1,3],1,1,""BOTH_CHANGE_OFFSETTING""]","[3,2,1,4]"
True,"[2,3,1,4]","[3,2,1,4]","[2,3]",V2C00126,"[[1],[2,3],[4]]",1,"[3,1,2,4]","[3,2,1,4]",1,"[[2,3],1,1,""EDD_ONLY_CHANGE""]","[1,3,2,4]"
True,"[1,3,4,2]","[3,1,4,2]","[1,3]",V2C00129,"[[1,3],[2],[4]]",1,"[1,4,2,3]","[2,4,1,3]",1,"[[1,3],1,1,""BOTH_CHANGE_OFFSETTING""]","[3,2,1,4]"
True,"[2,3,1,4]","[3,2,1,4]","[2,3]",V2C00138,"[[1],[2,3],[4]]",1,"[3,1,2,4]","[3,2,1,4]",1,"[[2,3],1,1,""EDD_ONLY_CHANGE""]","[1,3,2,4]"
True,"[1,3,4,2]","[3,1,4,2]","[1,3]",V2C00141,"[[1,3],[2],[4]]",1,"[1,4,2,3]","[2,4,1,3]",1,"[[1,3],1,1,""BOTH_CHANGE_OFFSETTING""]","[3,2,1,4]"
True,"[2,3,4,1]","[3,2,4,1]","[2,3]",V2C00151,"[[1],[2,3],[4]]",1,"[4,1,2,3]","[4,2,1,3]",1,"[[2,3],1,1,""EDD_ONLY_CHANGE""]","[1,3,2,4]"
True,"[2,3,1,4]","[3,2,1,4]","[2,3]",V2C00155,"[[1],[2,3],[4]]",1,"[3,1,2,4]","[3,2,1,4]",1,"[[2,3],1,1,""EDD_ONLY_CHANGE""]","[1,3,2,4]"
True,"[1,3,4,2]","[3,1,4,2]","[1,3]",V2C00158,"[[1,3],[2],[4]]",1,"[1,4,2,3]","[2,4,1,3]",1,"[[1,3],1,1,""BOTH_CHANGE_OFFSETTING""]","[3,2,1,4]"
True,"[2,3,4,1]","[3,2,4,1]","[2,3]",V2C00169,"[[1],[2,3],[4]]",1,"[4,1,2,3]","[4,2,1,3]",1,"[[2,3],1,1,""EDD_ONLY_CHANGE""]","[1,3,2,4]"
True,"[2,3,1,4]","[3,2,1,4]","[2,3]",V2C00171,"[[1],[2,3],[4]]",1,"[3,1,2,4]","[3,2,1,4]",1,"[[2,3],1,1,""EDD_ONLY_CHANGE""]","[1,3,2,4]"
True,"[1,3,4,2]","[3,1,4,2]","[1,3]",V2C00172,"[[1,3],[2],[4]]",1,"[1,4,2,3]","[2,4,1,3]",1,"[[1,3],1,1,""BOTH_CHANGE_OFFSETTING""]","[3,2,1,4]"
True,"[2,3,4,1]","[3,2,4,1]","[2,3]",V2C00183,"[[1],[2,3],[4]]",1,"[4,1,2,3]","[4,2,1,3]",1,"[[2,3],1,1,""EDD_ONLY_CHANGE""]","[1,3,2,4]"
True,"[2,3,1,4]","[3,2,1,4]","[2,3]",V2C00187,"[[1],[2,3],[4]]",1,"[3,1,2,4]","[3,2,1,4]",1,"[[2,3],1,1,""EDD_ONLY_CHANGE""]","[1,3,2,4]"
True,"[2,3,1,4]","[3,2,1,4]","[2,3]",V2C00199,"[[1],[2,3],[4]]",1,"[3,1,2,4]","[3,2,1,4]",1,"[[2,3],1,1,""EDD_ONLY_CHANGE""]","[1,3,2,4]"
True,"[2,3,4,1]","[3,2,4,1]","[2,3]",V2C00214,"[[1],[2,3],[4]]",1,"[4,1,2,3]","[4,2,1,3]",1,"[[2,3],1,1,""EDD_ONLY_CHANGE""]","[1,3,2,4]"
True,"[1,3,4,2]","[3,1,4,2]","[1,3]",V2C00221,"[[1,3],[2],[4]]",1,"[1,4,2,3]","[2,4,1,3]",1,"[[1,3],1,1,""BOTH_CHANGE_OFFSETTING""]","[3,2,1,4]"
True,"[2,3,4,1]","[3,2,4,1]","[2,3]",V2C00232,"[[1],[2,3],[4]]",1,"[4,1,2,3]","[4,2,1,3]",1,"[[2,3],1,1,""EDD_ONLY_CHANGE""]","[1,3,2,4]"
True,"[1,3,4,2]","[3,1,4,2]","[1,3]",V2C00236,"[[1,3],[2],[4]]",1,"[1,4,2,3]","[2,4,1,3]",1,"[[1,3],1,1,""BOTH_CHANGE_OFFSETTING""]","[3,2,1,4]"
True,"[2,3,4,1]","[3,2,4,1]","[2,3]",V2C00245,"[[1],[2,3],[4]]",1,"[4,1,2,3]","[4,2,1,3]",1,"[[2,3],1,1,""EDD_ONLY_CHANGE""]","[1,3,2,4]"
True,"[2,3,4,1]","[3,2,4,1]","[2,3]",V2C00270,"[[1],[2,3],[4]]",1,"[4,1,2,3]","[4,2,1,3]",1,"[[2,3],1,1,""EDD_ONLY_CHANGE""]","[1,3,2,4]"
True,"[1,3,4,2]","[3,1,4,2]","[1,3]",V2C00273,"[[1,3],[2],[4]]",1,"[1,4,2,3]","[2,4,1,3]",1,"[[1,3],1,1,""BOTH_CHANGE_OFFSETTING""]","[3,2,1,4]"
True,"[2,3,4,1]","[3,2,4,1]","[2,3]",V2C00281,"[[1],[2,3],[4]]",1,"[4,1,2,3]","[4,2,1,3]",1,"[[2,3],1,1,""EDD_ONLY_CHANGE""]","[1,3,2,4]"
True,"[2,3,4,1]","[3,2,4,1]","[2,3]",V2C00309,"[[1],[2,3],[4]]",1,"[4,1,2,3]","[4,2,1,3]",1,"[[2,3],1,1,""EDD_ONLY_CHANGE""]","[1,3,2,4]"
True,"[2,1,3,4]","[2,3,1,4]","[1,3]",V2C00362,"[[1,3],[2],[4]]",1,"[2,1,3,4]","[3,1,2,4]",1,"[[1,3],1,1,""BOTH_CHANGE_OFFSETTING""]","[3,2,1,4]"
True,"[2,1,3,4]","[2,3,1,4]","[1,3]",V2C00895,"[[1,3],[2],[4]]",1,"[2,1,3,4]","[3,1,2,4]",1,"[[1,3],1,1,""BOTH_CHANGE_OFFSETTING""]","[3,2,1,4]"
