"class_id","component_id","instance_id","panel"
"WP09C00001","1","A_o001_r00023","A"
"WP09C00002","1","A_o001_r00018","A"
"WP09C00003","1","A_o001_r00004","A"
"WP09C00004","1","A_o001_r00008","A"
"WP09C00005","1","A_o001_r00020","A"
"WP09C00006","1","A_o001_r00012","A"
"WP09C00007","1","A_o001_r00002","A"
"WP09C00008","1","A_o001_r00019","A"
"WP09C00008","1","A_o001_r00021","A"
"WP09C00009","1","A_o001_r00022","A"
"WP09C00010","1","A_o001_r00007","A"
"WP09C00011","1","A_o001_r00013","A"
"WP09C00012","1","A_o001_r00014","A"
"WP09C00013","1","A_o001_r00005","A"
"WP09C00013","1","A_o001_r00011","A"
"WP09C00014","1","A_o001_r00006","A"
"WP09C00015","1","A_o001_r00001","A"
"WP09C00016","1","A_o001_r00017","A"
"WP09C00017","1","A_o001_r00024","A"
"WP09C00018","1","A_o001_r00010","A"
"WP09C00019","1","A_o002_r00047","A"
"WP09C00020","1","A_o002_r00042","A"
"WP09C00021","1","A_o002_r00032","A"
"WP09C00022","1","A_o002_r00044","A"
"WP09C00023","1","A_o002_r00036","A"
"WP09C00024","1","A_o002_r00043","A"
"WP09C00024","1","A_o002_r00045","A"
"WP09C00025","1","A_o002_r00046","A"
"WP09C00026","1","A_o002_r00034","A"
"WP09C00027","1","A_o002_r00031","A"
"WP09C00028","1","A_o002_r00028","A"
"WP09C00029","1","A_o002_r00037","A"
"WP09C00030","1","A_o002_r00038","A"
"WP09C00031","1","A_o002_r00029","A"
"WP09C00031","1","A_o002_r00035","A"
"WP09C00032","1","A_o002_r00030","A"
"WP09C00033","1","A_o002_r00026","A"
"WP09C00034","1","A_o002_r00025","A"
"WP09C00035","1","A_o002_r00041","A"
"WP09C00036","1","A_o002_r00048","A"
"WP09C00037","1","A_o003_r00071","A"
"WP09C00038","1","A_o003_r00066","A"
"WP09C00039","1","A_o003_r00058","A"
"WP09C00040","1","A_o003_r00068","A"
"WP09C00041","1","A_o003_r00060","A"
"WP09C00042","1","A_o003_r00052","A"
"WP09C00043","1","A_o003_r00062","A"
"WP09C00044","1","A_o003_r00067","A"
"WP09C00044","1","A_o003_r00069","A"
"WP09C00045","1","A_o003_r00070","A"
"WP09C00046","1","A_o003_r00055","A"
"WP09C00047","1","A_o003_r00056","A"
"WP09C00048","1","A_o003_r00061","A"
"WP09C00049","1","A_o003_r00050","A"
"WP09C00050","1","A_o003_r00053","A"
"WP09C00050","1","A_o003_r00059","A"
"WP09C00051","1","A_o003_r00054","A"
"WP09C00052","1","A_o003_r00049","A"
"WP09C00053","1","A_o003_r00065","A"
"WP09C00054","1","A_o003_r00072","A"
"WP09C00055","1","A_o004_r00090","A"
"WP09C00056","1","A_o004_r00080","A"
"WP09C00057","1","A_o004_r00081","A"
"WP09C00058","1","A_o004_r00091","A"
"WP09C00058","1","A_o004_r00093","A"
"WP09C00059","1","A_o004_r00075","A"
"WP09C00060","1","A_o004_r00082","A"
"WP09C00061","1","A_o004_r00079","A"
"WP09C00062","1","A_o004_r00085","A"
"WP09C00063","1","A_o004_r00076","A"
"WP09C00064","1","A_o004_r00086","A"
"WP09C00065","1","A_o004_r00077","A"
"WP09C00065","1","A_o004_r00083","A"
"WP09C00066","1","A_o004_r00074","A"
"WP09C00067","1","A_o004_r00073","A"
"WP09C00068","1","A_o004_r00089","A"
"WP09C00069","1","A_o004_r00087","A"
"WP09C00070","1","A_o005_r00114","A"
"WP09C00071","1","A_o005_r00106","A"
"WP09C00072","1","A_o005_r00100","A"
"WP09C00073","1","A_o005_r00105","A"
"WP09C00074","1","A_o005_r00110","A"
"WP09C00075","1","A_o005_r00115","A"
"WP09C00075","1","A_o005_r00117","A"
"WP09C00076","1","A_o005_r00099","A"
"WP09C00077","1","A_o005_r00103","A"
"WP09C00078","1","A_o005_r00109","A"
"WP09C00079","1","A_o005_r00104","A"
"WP09C00080","1","A_o005_r00098","A"
"WP09C00081","1","A_o005_r00101","A"
"WP09C00081","1","A_o005_r00107","A"
"WP09C00082","1","A_o005_r00097","A"
"WP09C00083","1","A_o005_r00113","A"
"WP09C00084","1","A_o005_r00111","A"
"WP09C00085","1","A_o006_r00138","A"
"WP09C00086","1","A_o006_r00132","A"
"WP09C00087","1","A_o006_r00129","A"
"WP09C00088","1","A_o006_r00126","A"
"WP09C00089","1","A_o006_r00139","A"
"WP09C00089","1","A_o006_r00141","A"
"WP09C00090","1","A_o006_r00123","A"
"WP09C00091","1","A_o006_r00127","A"
"WP09C00092","1","A_o006_r00133","A"
"WP09C00093","1","A_o006_r00128","A"
"WP09C00094","1","A_o006_r00122","A"
"WP09C00095","1","A_o006_r00125","A"
"WP09C00095","1","A_o006_r00131","A"
"WP09C00096","1","A_o006_r00124","A"
"WP09C00097","1","A_o006_r00130","A"
"WP09C00098","1","A_o006_r00121","A"
"WP09C00099","1","A_o006_r00137","A"
"WP09C00100","1","A_o006_r00135","A"
"WP09C00101","1","A_o007_r00152","A"
"WP09C00102","1","A_o007_r00153","A"
"WP09C00103","1","A_o007_r00155","A"
"WP09C00104","1","A_o007_r00163","A"
"WP09C00105","1","A_o007_r00147","A"
"WP09C00106","1","A_o007_r00154","A"
"WP09C00107","1","A_o007_r00151","A"
"WP09C00108","1","A_o007_r00157","A"
"WP09C00109","1","A_o007_r00148","A"
"WP09C00110","1","A_o007_r00158","A"
"WP09C00111","1","A_o007_r00149","A"
"WP09C00112","1","A_o007_r00165","A"
"WP09C00113","1","A_o007_r00146","A"
"WP09C00114","1","A_o007_r00159","A"
"WP09C00115","1","A_o007_r00145","A"
"WP09C00116","1","A_o007_r00161","A"
"WP09C00117","1","A_o008_r00178","A"
"WP09C00118","1","A_o008_r00177","A"
"WP09C00119","1","A_o008_r00179","A"
"WP09C00120","1","A_o008_r00172","A"
"WP09C00121","1","A_o008_r00182","A"
"WP09C00122","1","A_o008_r00187","A"
"WP09C00123","1","A_o008_r00171","A"
"WP09C00124","1","A_o008_r00175","A"
"WP09C00125","1","A_o008_r00181","A"
"WP09C00126","1","A_o008_r00176","A"
"WP09C00127","1","A_o008_r00170","A"
"WP09C00128","1","A_o008_r00173","A"
"WP09C00129","1","A_o008_r00189","A"
"WP09C00130","1","A_o008_r00183","A"
"WP09C00131","1","A_o008_r00169","A"
"WP09C00132","1","A_o008_r00185","A"
"WP09C00133","1","A_o009_r00204","A"
"WP09C00134","1","A_o009_r00201","A"
"WP09C00135","1","A_o009_r00203","A"
"WP09C00136","1","A_o009_r00198","A"
"WP09C00137","1","A_o009_r00211","A"
"WP09C00138","1","A_o009_r00195","A"
"WP09C00139","1","A_o009_r00199","A"
"WP09C00140","1","A_o009_r00205","A"
"WP09C00141","1","A_o009_r00200","A"
"WP09C00142","1","A_o009_r00194","A"
"WP09C00143","1","A_o009_r00197","A"
"WP09C00144","1","A_o009_r00196","A"
"WP09C00145","1","A_o009_r00213","A"
"WP09C00146","1","A_o009_r00202","A"
"WP09C00147","1","A_o009_r00207","A"
"WP09C00148","1","A_o009_r00193","A"
"WP09C00149","1","A_o009_r00209","A"
"WP09C00150","1","A_o010_r00225","A"
"WP09C00151","1","A_o010_r00227","A"
"WP09C00152","1","A_o010_r00222","A"
"WP09C00153","1","A_o010_r00223","A"
"WP09C00154","1","A_o010_r00226","A"
"WP09C00155","1","A_o010_r00224","A"
"WP09C00156","1","A_o010_r00218","A"
"WP09C00157","1","A_o010_r00220","A"
"WP09C00158","1","A_o010_r00228","A"
"WP09C00159","1","A_o010_r00217","A"
"WP09C00160","1","A_o010_r00233","A"
"WP09C00161","1","A_o011_r00249","A"
"WP09C00162","1","A_o011_r00251","A"
"WP09C00163","1","A_o011_r00259","A"
"WP09C00164","1","A_o011_r00243","A"
"WP09C00165","1","A_o011_r00250","A"
"WP09C00166","1","A_o011_r00253","A"
"WP09C00167","1","A_o011_r00244","A"
"WP09C00168","1","A_o011_r00245","A"
"WP09C00169","1","A_o011_r00261","A"
"WP09C00170","1","A_o011_r00242","A"
"WP09C00171","1","A_o011_r00255","A"
"WP09C00172","1","A_o011_r00241","A"
"WP09C00173","1","A_o011_r00257","A"
"WP09C00174","1","A_o012_r00274","A"
"WP09C00175","1","A_o012_r00273","A"
"WP09C00176","1","A_o012_r00275","A"
"WP09C00177","1","A_o012_r00268","A"
"WP09C00178","1","A_o012_r00283","A"
"WP09C00179","1","A_o012_r00267","A"
"WP09C00180","1","A_o012_r00277","A"
"WP09C00181","1","A_o012_r00266","A"
"WP09C00182","1","A_o012_r00269","A"
"WP09C00183","1","A_o012_r00285","A"
"WP09C00184","1","A_o012_r00279","A"
"WP09C00185","1","A_o012_r00265","A"
"WP09C00186","1","A_o012_r00281","A"
"WP09C00187","1","A_o013_r00300","A"
"WP09C00188","1","A_o013_r00297","A"
"WP09C00189","1","A_o013_r00299","A"
"WP09C00190","1","A_o013_r00294","A"
"WP09C00191","1","A_o013_r00307","A"
"WP09C00192","1","A_o013_r00291","A"
"WP09C00193","1","A_o013_r00301","A"
"WP09C00194","1","A_o013_r00290","A"
"WP09C00195","1","A_o013_r00293","A"
"WP09C00196","1","A_o013_r00292","A"
"WP09C00197","1","A_o013_r00309","A"
"WP09C00198","1","A_o013_r00298","A"
"WP09C00199","1","A_o013_r00303","A"
"WP09C00200","1","A_o013_r00289","A"
"WP09C00201","1","A_o013_r00305","A"
"WP09C00202","1","A_o014_r00321","A"
"WP09C00203","1","A_o014_r00323","A"
"WP09C00204","1","A_o014_r00318","A"
"WP09C00205","1","A_o014_r00322","A"
"WP09C00206","1","A_o014_r00314","A"
"WP09C00207","1","A_o014_r00316","A"
"WP09C00208","1","A_o014_r00324","A"
"WP09C00209","1","A_o014_r00313","A"
"WP09C00210","1","A_o014_r00329","A"
"WP09C00211","1","A_o015_r00342","A"
"WP09C00212","1","A_o015_r00346","A"
"WP09C00213","1","A_o015_r00338","A"
"WP09C00214","1","A_o015_r00340","A"
"WP09C00215","1","A_o015_r00348","A"
"WP09C00216","1","A_o015_r00337","A"
