"EDD_C22","SPT_sufficient","TT_star","beta_optimal","instance_id","optimal_schedule_count","optimal_schedules","panel"
"True","True","9","True","A_o001_r00001","1","[[1,2,3,4]]","A"
"True","True","9","True","A_o001_r00002","1","[[1,2,3,4]]","A"
"True","True","11","True","A_o001_r00004","1","[[1,2,3,4]]","A"
"True","True","11","True","A_o001_r00005","1","[[1,3,2,4]]","A"
"True","True","11","True","A_o001_r00006","1","[[1,3,2,4]]","A"
"True","True","10","True","A_o001_r00007","1","[[2,1,3,4]]","A"
"True","True","10","True","A_o001_r00008","1","[[2,1,3,4]]","A"
"True","True","13","True","A_o001_r00010","2","[[1,2,3,4],[2,1,3,4]]","A"
"True","True","13","True","A_o001_r00011","1","[[1,3,2,4]]","A"
"True","True","13","True","A_o001_r00012","1","[[1,3,2,4]]","A"
"True","True","12","True","A_o001_r00013","1","[[2,1,3,4]]","A"
"True","True","12","True","A_o001_r00014","1","[[2,1,3,4]]","A"
"True","True","14","True","A_o001_r00017","1","[[3,1,2,4]]","A"
"True","True","14","True","A_o001_r00018","1","[[3,1,2,4]]","A"
"True","True","13","True","A_o001_r00019","1","[[2,3,1,4]]","A"
"True","True","13","True","A_o001_r00020","1","[[2,3,1,4]]","A"
"True","True","14","True","A_o001_r00021","1","[[2,3,1,4]]","A"
"True","True","14","True","A_o001_r00022","1","[[2,3,1,4]]","A"
"True","True","15","True","A_o001_r00023","1","[[3,2,1,4]]","A"
"True","True","15","True","A_o001_r00024","1","[[3,2,1,4]]","A"
"True","True","7","True","A_o002_r00025","1","[[1,2,3,4]]","A"
"True","True","9","True","A_o002_r00026","1","[[1,2,3,4]]","A"
"True","True","11","True","A_o002_r00028","1","[[1,2,3,4]]","A"
"True","True","11","True","A_o002_r00029","1","[[1,3,2,4]]","A"
"True","True","11","True","A_o002_r00030","1","[[1,3,2,4]]","A"
"True","True","8","True","A_o002_r00031","1","[[2,1,3,4]]","A"
"True","True","10","True","A_o002_r00032","1","[[2,1,3,4]]","A"
"True","True","13","True","A_o002_r00034","2","[[1,2,3,4],[2,1,3,4]]","A"
"True","True","13","True","A_o002_r00035","1","[[1,3,2,4]]","A"
"True","True","13","True","A_o002_r00036","1","[[1,3,2,4]]","A"
"True","True","10","True","A_o002_r00037","1","[[2,1,3,4]]","A"
"True","True","12","True","A_o002_r00038","1","[[2,1,3,4]]","A"
"True","True","14","True","A_o002_r00041","1","[[3,1,2,4]]","A"
"True","True","14","True","A_o002_r00042","1","[[3,1,2,4]]","A"
"True","True","13","True","A_o002_r00043","1","[[2,3,1,4]]","A"
"True","True","13","True","A_o002_r00044","1","[[2,3,1,4]]","A"
"True","True","14","True","A_o002_r00045","1","[[2,3,1,4]]","A"
"True","True","14","True","A_o002_r00046","1","[[2,3,1,4]]","A"
"True","True","15","True","A_o002_r00047","1","[[3,2,1,4]]","A"
"True","True","15","True","A_o002_r00048","1","[[3,2,1,4]]","A"
"True","True","5","True","A_o003_r00049","1","[[1,2,3,4]]","A"
"True","True","8","True","A_o003_r00050","1","[[1,2,4,3]]","A"
"True","True","10","True","A_o003_r00052","1","[[1,2,4,3]]","A"
"True","True","11","True","A_o003_r00053","1","[[1,3,2,4]]","A"
"True","True","11","True","A_o003_r00054","1","[[1,3,2,4]]","A"
"True","True","6","True","A_o003_r00055","1","[[2,1,3,4]]","A"
"True","True","9","True","A_o003_r00056","1","[[2,1,4,3]]","A"
"True","True","12","True","A_o003_r00058","2","[[1,2,4,3],[2,1,4,3]]","A"
"True","True","13","True","A_o003_r00059","1","[[1,3,2,4]]","A"
"True","True","13","True","A_o003_r00060","1","[[1,3,2,4]]","A"
"True","True","8","True","A_o003_r00061","1","[[2,1,3,4]]","A"
"True","True","11","True","A_o003_r00062","1","[[2,1,4,3]]","A"
"True","True","14","True","A_o003_r00065","1","[[3,1,2,4]]","A"
"True","True","14","True","A_o003_r00066","1","[[3,1,2,4]]","A"
"True","True","13","True","A_o003_r00067","1","[[2,3,1,4]]","A"
"True","True","13","True","A_o003_r00068","1","[[2,3,1,4]]","A"
"True","True","14","True","A_o003_r00069","1","[[2,3,1,4]]","A"
"True","True","14","True","A_o003_r00070","1","[[2,3,1,4]]","A"
"True","True","15","True","A_o003_r00071","1","[[3,2,1,4]]","A"
"True","True","15","True","A_o003_r00072","1","[[3,2,1,4]]","A"
"True","True","5","True","A_o004_r00073","1","[[1,2,3,4]]","A"
"True","True","7","True","A_o004_r00074","1","[[1,2,3,4]]","A"
"True","True","7","True","A_o004_r00075","1","[[1,3,2,4]]","A"
"True","True","11","True","A_o004_r00076","2","[[1,2,3,4],[1,3,2,4]]","A"
"True","True","9","True","A_o004_r00077","1","[[1,3,2,4]]","A"
"True","True","6","True","A_o004_r00079","1","[[2,1,3,4]]","A"
"True","True","8","True","A_o004_r00080","1","[[2,1,3,4]]","A"
"True","True","9","True","A_o004_r00081","1","[[1,3,2,4]]","A"
"True","True","13","True","A_o004_r00082","3","[[1,2,3,4],[1,3,2,4],[2,1,3,4]]","A"
"True","True","11","True","A_o004_r00083","1","[[1,3,2,4]]","A"
"True","True","9","True","A_o004_r00085","1","[[2,3,1,4]]","A"
"True","True","12","True","A_o004_r00086","2","[[2,1,3,4],[2,3,1,4]]","A"
"True","True","10","True","A_o004_r00087","1","[[2,3,1,4]]","A"
"True","True","14","True","A_o004_r00089","2","[[3,1,2,4],[3,2,1,4]]","A"
"True","True","14","True","A_o004_r00090","2","[[3,1,2,4],[3,2,1,4]]","A"
"True","True","11","True","A_o004_r00091","1","[[2,3,1,4]]","A"
"True","True","12","True","A_o004_r00093","1","[[2,3,1,4]]","A"
"True","True","3","True","A_o005_r00097","1","[[1,2,3,4]]","A"
"True","True","6","True","A_o005_r00098","1","[[1,2,4,3]]","A"
"True","True","5","True","A_o005_r00099","1","[[1,3,2,4]]","A"
"True","True","10","True","A_o005_r00100","1","[[1,2,4,3]]","A"
"True","True","9","True","A_o005_r00101","1","[[1,3,2,4]]","A"
"True","True","4","True","A_o005_r00103","1","[[2,1,3,4]]","A"
"True","True","7","True","A_o005_r00104","1","[[2,1,4,3]]","A"
"True","True","7","True","A_o005_r00105","1","[[1,3,2,4]]","A"
"True","True","12","True","A_o005_r00106","2","[[1,2,4,3],[2,1,4,3]]","A"
"True","True","11","True","A_o005_r00107","1","[[1,3,2,4]]","A"
"True","True","7","True","A_o005_r00109","1","[[2,3,1,4]]","A"
"True","True","11","True","A_o005_r00110","1","[[2,1,4,3]]","A"
"True","True","8","True","A_o005_r00111","1","[[2,3,1,4]]","A"
"True","True","14","True","A_o005_r00113","2","[[3,1,2,4],[3,2,1,4]]","A"
"True","True","14","True","A_o005_r00114","2","[[3,1,2,4],[3,2,1,4]]","A"
"True","True","11","True","A_o005_r00115","1","[[2,3,1,4]]","A"
"True","True","12","True","A_o005_r00117","1","[[2,3,1,4]]","A"
"True","True","3","True","A_o006_r00121","1","[[1,2,3,4]]","A"
"True","True","4","True","A_o006_r00122","1","[[1,2,4,3]]","A"
"True","True","5","True","A_o006_r00123","1","[[1,3,2,4]]","A"
"True","True","9","True","A_o006_r00124","1","[[1,4,2,3]]","A"
"True","True","7","True","A_o006_r00125","1","[[1,3,2,4]]","A"
"True","True","10","True","A_o006_r00126","1","[[1,4,2,3]]","A"
"True","True","4","True","A_o006_r00127","1","[[2,1,3,4]]","A"
"True","True","5","True","A_o006_r00128","1","[[2,1,4,3]]","A"
"True","True","7","True","A_o006_r00129","1","[[1,3,2,4]]","A"
"True","True","11","True","A_o006_r00130","1","[[1,4,2,3]]","A"
"True","True","9","True","A_o006_r00131","1","[[1,3,2,4]]","A"
"True","True","12","True","A_o006_r00132","1","[[1,4,2,3]]","A"
"True","True","7","True","A_o006_r00133","1","[[2,3,1,4]]","A"
"True","True","8","True","A_o006_r00135","1","[[2,3,1,4]]","A"
"True","True","14","True","A_o006_r00137","2","[[3,1,2,4],[3,2,1,4]]","A"
"True","True","14","True","A_o006_r00138","2","[[3,1,2,4],[3,2,1,4]]","A"
"True","True","9","True","A_o006_r00139","1","[[2,3,1,4]]","A"
"True","True","10","True","A_o006_r00141","1","[[2,3,1,4]]","A"
"True","True","5","True","A_o007_r00145","1","[[1,2,3,4]]","A"
"True","True","7","True","A_o007_r00146","1","[[1,2,3,4]]","A"
"True","True","5","True","A_o007_r00147","1","[[1,3,2,4]]","A"
"True","True","9","True","A_o007_r00148","2","[[1,2,3,4],[1,3,2,4]]","A"
"True","True","7","True","A_o007_r00149","1","[[1,3,2,4]]","A"
"True","True","6","True","A_o007_r00151","1","[[2,1,3,4]]","A"
"True","True","8","True","A_o007_r00152","1","[[2,1,3,4]]","A"
"True","True","8","True","A_o007_r00153","1","[[3,1,2,4]]","A"
"True","True","13","True","A_o007_r00154","4","[[1,2,3,4],[1,3,2,4],[2,1,3,4],[3,1,2,4]]","A"
"True","True","10","True","A_o007_r00155","1","[[3,1,2,4]]","A"
"True","True","7","True","A_o007_r00157","1","[[2,3,1,4]]","A"
"True","True","10","True","A_o007_r00158","2","[[2,1,3,4],[2,3,1,4]]","A"
"True","True","9","True","A_o007_r00159","1","[[3,2,1,4]]","A"
"True","True","12","True","A_o007_r00161","2","[[3,1,2,4],[3,2,1,4]]","A"
"True","True","9","True","A_o007_r00163","1","[[2,3,1,4]]","A"
"True","True","11","True","A_o007_r00165","1","[[3,2,1,4]]","A"
"True","True","3","True","A_o008_r00169","1","[[1,2,3,4]]","A"
"True","True","6","True","A_o008_r00170","1","[[1,2,4,3]]","A"
"True","True","3","True","A_o008_r00171","1","[[1,3,2,4]]","A"
"True","True","8","True","A_o008_r00172","1","[[1,2,4,3]]","A"
"True","True","7","True","A_o008_r00173","1","[[1,3,2,4]]","A"
"True","True","4","True","A_o008_r00175","1","[[2,1,3,4]]","A"
"True","True","7","True","A_o008_r00176","1","[[2,1,4,3]]","A"
"True","True","6","True","A_o008_r00177","1","[[3,1,2,4]]","A"
"True","True","12","True","A_o008_r00178","2","[[1,2,4,3],[2,1,4,3]]","A"
"True","True","10","True","A_o008_r00179","1","[[3,1,2,4]]","A"
"True","True","5","True","A_o008_r00181","1","[[2,3,1,4]]","A"
"True","True","9","True","A_o008_r00182","1","[[2,1,4,3]]","A"
"True","True","7","True","A_o008_r00183","1","[[3,2,1,4]]","A"
"True","True","12","True","A_o008_r00185","2","[[3,1,2,4],[3,2,1,4]]","A"
"True","True","9","True","A_o008_r00187","1","[[2,3,1,4]]","A"
"True","True","11","True","A_o008_r00189","1","[[3,2,1,4]]","A"
"True","True","3","True","A_o009_r00193","1","[[1,2,3,4]]","A"
"True","True","4","True","A_o009_r00194","1","[[1,2,4,3]]","A"
"True","True","3","True","A_o009_r00195","1","[[1,3,2,4]]","A"
"True","True","7","True","A_o009_r00196","1","[[1,4,2,3]]","A"
"True","True","5","True","A_o009_r00197","1","[[1,3,2,4]]","A"
"True","True","8","True","A_o009_r00198","1","[[1,4,2,3]]","A"
"True","True","4","True","A_o009_r00199","1","[[2,1,3,4]]","A"
"True","True","5","True","A_o009_r00200","1","[[2,1,4,3]]","A"
"True","True","6","True","A_o009_r00201","1","[[3,1,2,4]]","A"
"True","True","11","True","A_o009_r00202","1","[[1,4,2,3]]","A"
"True","True","8","True","A_o009_r00203","1","[[3,1,2,4]]","A"
"True","True","12","True","A_o009_r00204","1","[[1,4,2,3]]","A"
"True","True","5","True","A_o009_r00205","1","[[2,3,1,4]]","A"
"True","True","7","True","A_o009_r00207","1","[[3,2,1,4]]","A"
"True","True","12","True","A_o009_r00209","2","[[3,1,2,4],[3,2,1,4]]","A"
"True","True","7","True","A_o009_r00211","1","[[2,3,1,4]]","A"
"True","True","9","True","A_o009_r00213","1","[[3,2,1,4]]","A"
"True","True","3","True","A_o010_r00217","2","[[1,2,3,4],[1,3,2,4]]","A"
"True","True","4","True","A_o010_r00218","1","[[1,2,4,3]]","A"
"True","True","5","True","A_o010_r00220","1","[[1,4,2,3]]","A"
"True","True","6","True","A_o010_r00222","1","[[1,4,2,3]]","A"
"True","True","4","True","A_o010_r00223","2","[[2,1,3,4],[2,3,1,4]]","A"
"True","True","5","True","A_o010_r00224","1","[[2,1,4,3]]","A"
"True","True","6","True","A_o010_r00225","2","[[3,1,2,4],[3,2,1,4]]","A"
"True","True","11","True","A_o010_r00226","2","[[1,4,2,3],[4,1,2,3]]","A"
"True","True","8","True","A_o010_r00227","2","[[3,1,2,4],[3,2,1,4]]","A"
"True","True","12","True","A_o010_r00228","2","[[1,4,2,3],[4,1,2,3]]","A"
"True","True","10","True","A_o010_r00233","2","[[3,1,2,4],[3,2,1,4]]","A"
"True","True","5","True","A_o011_r00241","2","[[1,2,3,4],[2,1,3,4]]","A"
"True","True","7","True","A_o011_r00242","2","[[1,2,3,4],[2,1,3,4]]","A"
"True","True","5","True","A_o011_r00243","1","[[1,3,2,4]]","A"
"True","True","9","True","A_o011_r00244","3","[[1,2,3,4],[1,3,2,4],[2,1,3,4]]","A"
"True","True","7","True","A_o011_r00245","1","[[1,3,2,4]]","A"
"True","True","6","True","A_o011_r00249","1","[[3,1,2,4]]","A"
"True","True","11","True","A_o011_r00250","4","[[1,2,3,4],[1,3,2,4],[2,1,3,4],[3,1,2,4]]","A"
"True","True","8","True","A_o011_r00251","1","[[3,1,2,4]]","A"
"True","True","6","True","A_o011_r00253","1","[[2,3,1,4]]","A"
"True","True","7","True","A_o011_r00255","1","[[3,2,1,4]]","A"
"True","True","10","True","A_o011_r00257","2","[[3,1,2,4],[3,2,1,4]]","A"
"True","True","8","True","A_o011_r00259","1","[[2,3,1,4]]","A"
"True","True","9","True","A_o011_r00261","1","[[3,2,1,4]]","A"
"True","True","3","True","A_o012_r00265","2","[[1,2,3,4],[2,1,3,4]]","A"
"True","True","6","True","A_o012_r00266","2","[[1,2,4,3],[2,1,4,3]]","A"
"True","True","3","True","A_o012_r00267","1","[[1,3,2,4]]","A"
"True","True","8","True","A_o012_r00268","2","[[1,2,4,3],[2,1,4,3]]","A"
"True","True","7","True","A_o012_r00269","1","[[1,3,2,4]]","A"
"True","True","4","True","A_o012_r00273","1","[[3,1,2,4]]","A"
"True","True","10","True","A_o012_r00274","2","[[1,2,4,3],[2,1,4,3]]","A"
"True","True","8","True","A_o012_r00275","1","[[3,1,2,4]]","A"
"True","True","4","True","A_o012_r00277","1","[[2,3,1,4]]","A"
"True","True","5","True","A_o012_r00279","1","[[3,2,1,4]]","A"
"True","True","10","True","A_o012_r00281","2","[[3,1,2,4],[3,2,1,4]]","A"
"True","True","8","True","A_o012_r00283","1","[[2,3,1,4]]","A"
"True","True","9","True","A_o012_r00285","1","[[3,2,1,4]]","A"
"True","True","3","True","A_o013_r00289","2","[[1,2,3,4],[2,1,3,4]]","A"
"True","True","4","True","A_o013_r00290","2","[[1,2,4,3],[2,1,4,3]]","A"
"True","True","3","True","A_o013_r00291","1","[[1,3,2,4]]","A"
"True","True","7","True","A_o013_r00292","1","[[1,4,2,3]]","A"
"True","True","5","True","A_o013_r00293","1","[[1,3,2,4]]","A"
"True","True","8","True","A_o013_r00294","1","[[1,4,2,3]]","A"
"True","True","4","True","A_o013_r00297","1","[[3,1,2,4]]","A"
"True","True","9","True","A_o013_r00298","1","[[1,4,2,3]]","A"
"True","True","6","True","A_o013_r00299","1","[[3,1,2,4]]","A"
"True","True","10","True","A_o013_r00300","1","[[1,4,2,3]]","A"
"True","True","4","True","A_o013_r00301","1","[[2,3,1,4]]","A"
"True","True","5","True","A_o013_r00303","1","[[3,2,1,4]]","A"
"True","True","10","True","A_o013_r00305","2","[[3,1,2,4],[3,2,1,4]]","A"
"True","True","6","True","A_o013_r00307","1","[[2,3,1,4]]","A"
"True","True","7","True","A_o013_r00309","1","[[3,2,1,4]]","A"
"True","True","3","True","A_o014_r00313","3","[[1,2,3,4],[1,3,2,4],[2,1,3,4]]","A"
"True","True","4","True","A_o014_r00314","2","[[1,2,4,3],[2,1,4,3]]","A"
"True","True","5","True","A_o014_r00316","1","[[1,4,2,3]]","A"
"True","True","6","True","A_o014_r00318","1","[[1,4,2,3]]","A"
"True","True","4","True","A_o014_r00321","2","[[3,1,2,4],[3,2,1,4]]","A"
"True","True","9","True","A_o014_r00322","2","[[1,4,2,3],[4,1,2,3]]","A"
"True","True","6","True","A_o014_r00323","2","[[3,1,2,4],[3,2,1,4]]","A"
"True","True","10","True","A_o014_r00324","2","[[1,4,2,3],[4,1,2,3]]","A"
"True","True","8","True","A_o014_r00329","2","[[3,1,2,4],[3,2,1,4]]","A"
"True","True","3","True","A_o015_r00337","4","[[1,2,3,4],[1,3,2,4],[2,1,3,4],[3,1,2,4]]","A"
"True","True","4","True","A_o015_r00338","2","[[1,2,4,3],[2,1,4,3]]","A"
"True","True","5","True","A_o015_r00340","1","[[1,4,2,3]]","A"
"True","True","6","True","A_o015_r00342","1","[[1,4,2,3]]","A"
"True","True","7","True","A_o015_r00346","2","[[1,4,2,3],[4,1,2,3]]","A"
"True","True","8","True","A_o015_r00348","2","[[1,4,2,3],[4,1,2,3]]","A"
